-- phpMyAdmin SQL Dump
-- version 5.2.1
-- https://www.phpmyadmin.net/
--
-- Host: localhost:3306
-- Generation Time: May 19, 2023 at 04:01 PM
-- Server version: 10.3.38-MariaDB-cll-lve
-- PHP Version: 8.1.16

SET SQL_MODE = "NO_AUTO_VALUE_ON_ZERO";
START TRANSACTION;
SET time_zone = "+00:00";


/*!40101 SET @OLD_CHARACTER_SET_CLIENT=@@CHARACTER_SET_CLIENT */;
/*!40101 SET @OLD_CHARACTER_SET_RESULTS=@@CHARACTER_SET_RESULTS */;
/*!40101 SET @OLD_COLLATION_CONNECTION=@@COLLATION_CONNECTION */;
/*!40101 SET NAMES utf8mb4 */;

--
-- Database: `emeraldl_liner2`
--

-- --------------------------------------------------------

--
-- Table structure for table `admin`
--

CREATE TABLE `admin` (
  `id` int(11) NOT NULL,
  `username` varchar(255) NOT NULL,
  `password` varchar(255) NOT NULL,
  `creationDate` timestamp NOT NULL DEFAULT current_timestamp(),
  `updationDate` varchar(255) NOT NULL
) ENGINE=InnoDB DEFAULT CHARSET=latin1 COLLATE=latin1_swedish_ci;

--
-- Dumping data for table `admin`
--

INSERT INTO `admin` (`id`, `username`, `password`, `creationDate`, `updationDate`) VALUES
(1, 'admin', 'f925916e2754e5e03f75dd58a5733251', '2017-01-24 16:21:18', '21-06-2018 08:27:55 PM');

-- --------------------------------------------------------

--
-- Table structure for table `company`
--

CREATE TABLE `company` (
  `cid` varchar(255) NOT NULL,
  `name` varchar(255) NOT NULL,
  `isbranch` varchar(255) DEFAULT 'HQ',
  `branchname` varchar(255) NOT NULL,
  `location` varchar(255) DEFAULT NULL,
  `date` datetime DEFAULT NULL,
  `uid` varchar(255) NOT NULL
) ENGINE=InnoDB DEFAULT CHARSET=utf8 COLLATE=utf8_general_ci;

--
-- Dumping data for table `company`
--

INSERT INTO `company` (`cid`, `name`, `isbranch`, `branchname`, `location`, `date`, `uid`) VALUES
('1b91544f37440a8bd21ace611be52355', 'Ethiopian Revenue', 'no', 'Head Office', 'Addis Ababa', NULL, '2e057d4b1f9dda8b492d84d80c7fa3d5'),
('37fba06fce7a7ba6a22492de2b7d96a3', 'Bread Trailer', 'no', 'Head Office', 'Addis Ababa', NULL, 'f055068706b1c9a3db655f23bf8a110f'),
('380bcd771ee470eb7d06d6b05d2c090d', 'Ethiopian Electric Power', 'no', 'Head Office', 'Addis Ababa', NULL, '2e057d4b1f9dda8b492d84d80c7fa3d5'),
('7625f650b58224378d7c16b1fe38449d', 'Ethiopian Electric Power', 'yes', 'Bahir dar', 'Bahir Dar', NULL, '2e057d4b1f9dda8b492d84d80c7fa3d5'),
('9799eb6b6ca26da4dea6be1620e8a5dc', 'Ethiopian woreda', 'no', 'Head Office', 'Addis Ababa', NULL, 'f055068706b1c9a3db655f23bf8a110f'),
('df474079d46befecc20f6671ac97951f', 'Ethiopian Immigratioin', 'no', 'Head Office', 'Addis Ababa', NULL, '2e057d4b1f9dda8b492d84d80c7fa3d5');

-- --------------------------------------------------------

--
-- Table structure for table `on_service`
--

CREATE TABLE `on_service` (
  `osid` varchar(255) NOT NULL,
  `coordinator` varchar(255) NOT NULL,
  `qid` varchar(255) NOT NULL,
  `called_time` datetime NOT NULL DEFAULT current_timestamp(),
  `completed_time` datetime NOT NULL DEFAULT current_timestamp(),
  `status` enum('on_service','completed','auto_completed') NOT NULL DEFAULT 'on_service',
  `comment` varchar(255) NOT NULL DEFAULT 'valid'
) ENGINE=InnoDB DEFAULT CHARSET=utf8 COLLATE=utf8_general_ci;

--
-- Dumping data for table `on_service`
--

INSERT INTO `on_service` (`osid`, `coordinator`, `qid`, `called_time`, `completed_time`, `status`, `comment`) VALUES
('03297dc134b4fb0eaf33c4a5300072bd', '0f8d997426a31cb02206c727046822c0', '51b00e38628eb3abc309f68679cdc58b', '2023-05-13 02:32:33', '2023-05-13 02:32:54', 'completed', 'valid'),
('04ca0511879d86012c64c3828242fa98', '0f8d997426a31cb02206c727046822c0', 'e64d723bfc8fe657801aa3c7b28d8b16', '2023-05-12 12:11:34', '2023-05-12 12:11:42', 'completed', 'valid'),
('06ef688b82416acc1498b8ac4458c7ac', '0f8d997426a31cb02206c727046822c0', '35227b284ac92c5dbddb17cf099658a2', '2023-04-05 23:25:47', '2023-04-05 23:25:56', 'completed', 'valid'),
('0901cbe6091a61c2a1cf30e2acc85984', '0f8d997426a31cb02206c727046822c0', 'e5fdf3a1006a693423ad700cc309f6e6', '2023-04-06 15:06:48', '2023-04-06 15:07:36', 'completed', 'valid'),
('0a3f246a4a39197dbfe287df934801a3', '0f8d997426a31cb02206c727046822c0', 'a1b3f05a4783ce4203bbb3f9cd908425', '2023-04-23 15:18:54', '2023-04-23 15:18:57', 'completed', 'valid'),
('0e8ae1034fb8d175ac7d56f5e7dfffe6', 'f055068706b1c9a3db655f23bf8a110f', '1f5172694879349f49f405899be8f32d', '2023-04-23 15:54:17', '2023-04-23 15:54:25', 'completed', 'valid'),
('0f8e30cc1e5d36558e553da9e1f33fa7', 'f055068706b1c9a3db655f23bf8a110f', 'dcbe3484c97effa6d046263ce41391cb', '2023-04-23 15:53:38', '2023-04-23 15:54:12', 'completed', 'valid'),
('11eb9ec220d1a0fd19a7a8aba079b2a1', '0f8d997426a31cb02206c727046822c0', '79b41e37e5970870c24027aded13486e', '2023-04-23 19:27:41', '2023-04-23 19:28:01', 'completed', 'valid'),
('163a9415fb7dfec9689e214baf8b55fd', '0f8d997426a31cb02206c727046822c0', '54de972a2ab3fc9f29e493f019a4255d', '2023-04-22 04:00:07', '2023-04-22 04:00:07', 'on_service', 'valid'),
('1bff6ec33925ab4b83cf99fa13835965', '0f8d997426a31cb02206c727046822c0', '5830037a7b5245f2b35967d79365f222', '2023-04-30 18:29:08', '2023-04-30 18:29:15', 'completed', 'valid'),
('21d0168ddc51d5050eb1e3e0f7026f0d', '0f8d997426a31cb02206c727046822c0', '10b97cfb7a428505677d31a2b7ac2a3c', '2023-05-14 08:12:49', '2023-05-14 08:12:56', 'completed', 'valid'),
('233aa575b5d87b1523791c5966e99220', '0f8d997426a31cb02206c727046822c0', '86a525ba9bb73d0931135eb5e71a02a4', '2023-05-13 02:59:42', '2023-05-13 02:59:53', 'completed', 'valid'),
('24cf46f51ec72328b227190ec926594c', '0f8d997426a31cb02206c727046822c0', 'b1b59594a9b5d5fbd35ccd59f0803450', '2023-04-30 18:30:13', '2023-04-30 18:30:13', 'on_service', 'valid'),
('2730a41a1b8f301eb8dc63de4cf8e2af', '0f8d997426a31cb02206c727046822c0', '0064c5744618fb1edff4b76cec7df60b', '2023-05-13 08:27:58', '2023-05-13 08:28:23', 'completed', 'valid'),
('2a283604fd95404e358d77bb3300e5b5', '0f8d997426a31cb02206c727046822c0', '895837cba3ad92c210aab3fbf242e3c6', '2023-04-06 15:14:14', '2023-04-06 15:14:20', 'completed', 'valid'),
('2b1f18a341429d893cffc39c34cd22f1', '0f8d997426a31cb02206c727046822c0', 'e3d7691aa31c477ea91f2d1f52eac2cd', '2023-04-06 15:13:50', '2023-04-06 15:13:59', 'completed', 'valid'),
('38efc8011dcf3f5e581c59170b70d7f9', '0f8d997426a31cb02206c727046822c0', '2e0a26e0d94c288042248e03f71506ab', '2023-05-13 02:49:18', '2023-05-13 02:49:25', 'completed', 'valid'),
('3a380d775815ab143dda3581315e277f', '0f8d997426a31cb02206c727046822c0', '698cddb0f67898f41bfc1d1fae05d142', '2023-05-14 08:12:37', '2023-05-14 08:12:43', 'completed', 'valid'),
('3c9b0cd791199c86eea15264e0e1fd90', '0f8d997426a31cb02206c727046822c0', 'd36b93a8435c14e963995f2b137b7061', '2023-05-13 08:21:31', '2023-05-13 08:21:59', 'completed', 'valid'),
('3f41d28fed5c0d2ea572ac0f643a4a7f', '0f8d997426a31cb02206c727046822c0', '66f8fc5b22d526983d5352b72390dc1b', '2023-04-23 15:15:20', '2023-04-23 15:15:39', 'completed', 'valid'),
('3f8194fe8723efc22007181d4220e118', '0f8d997426a31cb02206c727046822c0', '4a7d63a3736a27955e4166a01d047ea7', '2023-05-11 12:03:32', '2023-05-11 12:03:34', 'completed', 'valid'),
('41ff6e3c2547325f87d72f70ea6119f7', '0f8d997426a31cb02206c727046822c0', '2b024771775c35d58b2d34304588d334', '2023-04-23 19:28:06', '2023-04-23 19:28:12', 'completed', 'valid'),
('454016ef7b49adcd8f97a0a4fc1c3e84', 'f055068706b1c9a3db655f23bf8a110f', '310d74a459856deaf85d06f6bd8c7857', '2023-04-23 19:16:44', '2023-04-23 19:17:11', 'completed', 'valid'),
('471c78a336c6dca88991947508cb8ac8', '0f8d997426a31cb02206c727046822c0', 'a0b8beeb7d958b7f4315a35a813a3014', '2023-04-05 23:24:09', '2023-04-05 23:24:29', 'completed', 'valid'),
('4b4c17f478ade3265a6457fb124fa2c0', '0f8d997426a31cb02206c727046822c0', 'c8851f57842916e703dc9a800930736f', '2023-04-30 18:20:30', '2023-04-30 18:20:47', 'completed', 'valid'),
('4d47cbcd24b4e86ebff8c8bedede2e94', '0f8d997426a31cb02206c727046822c0', '68cb1de4679c553044084903860fe4f8', '2023-04-23 19:56:19', '2023-04-24 04:14:45', 'completed', 'valid'),
('4f00e1e5c8a4c295084f402177e9a6e9', '0f8d997426a31cb02206c727046822c0', 'e70c7d437f48b6fc37d84ac74bc8d688', '2023-04-30 17:59:42', '2023-04-30 18:04:07', 'completed', 'valid'),
('51c149b55a42f5838bb0a5f5549df782', '0f8d997426a31cb02206c727046822c0', 'ca139f293eb9d97af891e771893acf3a', '2023-04-30 18:23:33', '2023-04-30 18:25:40', 'completed', 'valid'),
('541cd25faddc6da242ee2196a8d86785', '0f8d997426a31cb02206c727046822c0', '374d3b029c4be803235b25eab9c07a86', '2023-04-06 15:12:36', '2023-04-06 15:12:42', 'completed', 'valid'),
('5432748df53803e14ba27d039669c5c0', '0f8d997426a31cb02206c727046822c0', 'c2659096dc3de6d14c23271d9ffebedd', '2023-04-30 18:26:55', '2023-04-30 18:27:20', 'completed', 'valid'),
('56f1d72623a9e7d0439e1495f237da4e', '0f8d997426a31cb02206c727046822c0', '4d22fc4d8f1df7d31bb40737f9579e5c', '2023-04-30 18:08:45', '2023-04-30 18:12:50', 'completed', 'valid'),
('574acc7e396c29869f43471df5165e04', '0f8d997426a31cb02206c727046822c0', '302e1a59b589499f51280daa2d69a5c5', '2023-04-23 15:18:28', '2023-04-23 15:18:31', 'completed', 'valid'),
('582de9d5ce5d6d4cb3dbca14c6e303ad', '0f8d997426a31cb02206c727046822c0', '8a33794d360ebe75be6a5332c3d6eea6', '2023-05-14 08:08:29', '2023-05-14 08:08:31', 'completed', 'valid'),
('5ab467b9a5e17510395e50535756de07', '0f8d997426a31cb02206c727046822c0', '42b5172e6ca4a528ac6c5a4cc33dd0ce', '2023-05-13 09:14:41', '2023-05-13 09:14:42', 'completed', 'valid'),
('5d09af75409da8cb9ecfc39b8edb6bb4', '0f8d997426a31cb02206c727046822c0', '18901d7e40927752c126178e84bf8919', '2023-05-17 06:46:16', '2023-05-17 06:46:33', 'completed', 'valid'),
('5d265773b8b183876f89db30736c05c8', '0f8d997426a31cb02206c727046822c0', '104b6e532fbc34b9d0bdfed7c40236d3', '2023-04-30 18:25:43', '2023-04-30 18:25:47', 'completed', 'valid'),
('5f424dfb120c0c522d26d501525dfb61', '0f8d997426a31cb02206c727046822c0', '6cdd3fc1c177215cd1baa5e6a44cfa76', '2023-05-14 08:12:31', '2023-05-14 08:12:37', 'completed', 'valid'),
('66d6ca73d0bc69248a75841eb3e6fa0b', '0f8d997426a31cb02206c727046822c0', 'c3ab1bde893facacada41f442563e78d', '2023-05-13 09:16:10', '2023-05-13 09:16:23', 'completed', 'valid'),
('67ecf581541af5573cb732f6d34b3973', '0f8d997426a31cb02206c727046822c0', '1fe4765f8b80448da800d9d1af7d2036', '2023-04-06 15:07:48', '2023-04-06 15:07:48', 'on_service', 'valid'),
('6a11317e11696c2abac3837129b8ded9', '0f8d997426a31cb02206c727046822c0', '02e61a377168421364899d16a8c0b9f3', '2023-05-17 06:43:21', '2023-05-17 06:43:32', 'completed', 'valid'),
('6a38bc16962d16eb5b5b5f623749c161', '0f8d997426a31cb02206c727046822c0', '434fedf48506a6c08252412b19bfd49e', '2023-04-06 15:06:44', '2023-04-06 15:06:48', 'completed', 'valid'),
('6cd751b202d74790fa0a786bfbda09bb', '0f8d997426a31cb02206c727046822c0', 'b38d611a9d91d6dd676cd792d87df2ef', '2023-04-23 19:33:59', '2023-04-23 19:34:05', 'completed', 'valid'),
('6e8eef445bdc4c18381b3e1c6fca4ac7', '0f8d997426a31cb02206c727046822c0', '1b2df7217a4b781e08ef9677e3c7cbef', '2023-04-05 16:16:51', '2023-04-05 16:17:06', 'completed', 'valid'),
('6eea04ff3fa14ac02291916b16f224f5', '0f8d997426a31cb02206c727046822c0', '3dd9d5d7b2d3d63332185263b2fe59b3', '2023-04-23 19:28:12', '2023-04-23 19:28:20', 'completed', 'valid'),
('743e9028a6d30751cfde8b9a1af98c8f', '0f8d997426a31cb02206c727046822c0', '4356de3532f3c89a74d6c73f346cacc0', '2023-04-23 15:15:39', '2023-04-23 15:15:49', 'completed', 'valid'),
('74f6e897f1b6770be48d7ffeeb4ffc83', '0f8d997426a31cb02206c727046822c0', '68c6abd14c66985f365ea37e217447c3', '2023-04-30 18:13:51', '2023-04-30 18:13:51', 'on_service', 'valid'),
('77553e9c524dd708f78c335fff1528fa', '0f8d997426a31cb02206c727046822c0', '8ca91d88bfa40f6ad224e251520d1a46', '2023-04-05 16:16:34', '2023-04-05 16:16:36', 'completed', 'valid'),
('775a480d88df41ce258ef581aa4dd55f', '0f8d997426a31cb02206c727046822c0', '779789bf550e77e4aefb05f0d0b8d836', '2023-04-30 18:04:10', '2023-04-30 18:04:13', 'completed', 'valid'),
('77655f0210bd2c28b3495a0f1ef6e0cd', '0f8d997426a31cb02206c727046822c0', '869ff00cc31d44af35f99016b23d891c', '2023-04-30 17:53:23', '2023-04-30 17:53:27', 'completed', 'valid'),
('7acb4ac94e53813e77298fb8f89eeca1', '0f8d997426a31cb02206c727046822c0', '2056bec334a798b44fbe0022458b9e52', '2023-04-05 23:24:02', '2023-04-05 23:24:09', 'completed', 'valid'),
('7cfd1ac67b5035631d9b4527e5f8efea', '0f8d997426a31cb02206c727046822c0', '089fc19b9b7720f992f4a3d829f832dc', '2023-04-23 19:50:35', '2023-04-23 19:56:07', 'completed', 'valid'),
('7d1275ab8ebc242a8b0dde430a387321', '0f8d997426a31cb02206c727046822c0', '886079ae7be8e6a07aac7accf3ff6386', '2023-05-13 02:49:25', '2023-05-13 02:54:06', 'completed', 'valid'),
('7d1d8cc61faddd434f1786ffbf0d68c9', '0f8d997426a31cb02206c727046822c0', 'f0210ceb5b4f70667327c205c0e5883d', '2023-04-05 23:23:49', '2023-04-05 23:23:53', 'completed', 'valid'),
('7f8b7410423769d3ce39b0f0c2203593', '0f8d997426a31cb02206c727046822c0', 'c9a4bad2d1da0dce5024d7b58f89fe79', '2023-04-23 19:33:36', '2023-04-23 19:33:55', 'completed', 'valid'),
('823d91c8c3e1bf479626e5623f9c2b2f', '0f8d997426a31cb02206c727046822c0', 'c29414d4e469b377afb3bf0c69aba574', '2023-04-23 15:15:06', '2023-04-23 15:15:20', 'completed', 'valid'),
('8e1675c83fdae2ab9272699beca896e4', '0f8d997426a31cb02206c727046822c0', '47190fc8e55689ef63e63bdbf37106d1', '2023-05-13 02:59:53', '2023-05-13 03:02:16', 'completed', 'valid'),
('8e62a2ba8a2a904a1754863ecf75eb6d', '0f8d997426a31cb02206c727046822c0', '5728b22cd2330d9ebdd31660ba54cac9', '2023-05-17 06:47:22', '2023-05-17 06:47:34', 'completed', 'valid'),
('9256bb53ccd8e67c40b4c02c93347730', '0f8d997426a31cb02206c727046822c0', '10764ea738893a36c13dfb2cae5a9982', '2023-05-17 06:47:52', '2023-05-17 06:47:52', 'on_service', 'valid'),
('961a439a0fcedb01010c7e2e0db4809d', '0f8d997426a31cb02206c727046822c0', 'fa6c40127b0caed4dd43ae99b0cbc751', '2023-04-05 16:31:55', '2023-04-05 16:31:55', 'on_service', 'valid'),
('a2e431064f60a6c18846243537f242d5', '0f8d997426a31cb02206c727046822c0', '9a08e00d749a747cdda30be3755158b0', '2023-04-30 18:30:03', '2023-04-30 18:30:06', 'completed', 'valid'),
('a3d4d6015ee46ad32c32b8280e9f7d15', '0f8d997426a31cb02206c727046822c0', '60f1507e0b61e3a2dfaaf6937c3216d5', '2023-04-30 18:30:08', '2023-04-30 18:30:13', 'completed', 'valid'),
('a67ccb7420372fafab7d0547a0d1e9a4', '0f8d997426a31cb02206c727046822c0', 'a5eca57c890c645f15337e4e8d71ac28', '2023-04-23 15:17:54', '2023-04-23 15:18:03', 'completed', 'valid'),
('a87f448936e9b52486d6e553f82a2b9f', '0f8d997426a31cb02206c727046822c0', '822815a82cb9729b4e4a40ed6f3ed47e', '2023-05-12 12:16:36', '2023-05-12 12:16:42', 'completed', 'valid'),
('ab7b04f4be69888cd1aa215757217442', '0f8d997426a31cb02206c727046822c0', '49dcc17bc71d940c661a90ca38e846b8', '2023-04-05 23:23:53', '2023-04-05 23:24:02', 'completed', 'valid'),
('b6ada25ecdf540679f83c0e9d7881c85', '0f8d997426a31cb02206c727046822c0', '29b8c361c8cedc68dc0cfa5ac073c889', '2023-04-23 19:49:33', '2023-04-23 19:49:35', 'completed', 'valid'),
('b9fefc6acd33bab2ec40aca1527308d3', '0f8d997426a31cb02206c727046822c0', '79fd9aed4a4d07141f6a89661138baed', '2023-05-12 12:16:33', '2023-05-12 12:16:36', 'completed', 'valid'),
('ba2f6a4a30f4e9e7fd28a4a9d102b1f4', 'f055068706b1c9a3db655f23bf8a110f', '63202f8006c89fde9fc423b69db26f41', '2023-04-23 19:23:05', '2023-04-23 19:23:06', 'completed', 'valid'),
('bb0fcf3560ab3e992d0a8357e0eef047', '0f8d997426a31cb02206c727046822c0', '24fbe3e378b2ee65023d03c82af58b79', '2023-05-17 06:34:17', '2023-05-17 06:47:07', 'completed', 'valid'),
('c070c32628e4d8785697c63298062604', '0f8d997426a31cb02206c727046822c0', 'cad27e9ac4892e0264a8cb13c7842040', '2023-05-13 02:25:19', '2023-05-13 02:25:19', 'on_service', 'valid'),
('c0d134fc583fd5dc18ace86006fd6c68', '0f8d997426a31cb02206c727046822c0', '4b1c38cdbf6d8b7158f60c74e212be8c', '2023-05-14 08:08:31', '2023-05-14 08:08:33', 'completed', 'valid'),
('c0d673c851b4f05b8b4e123aa7fa5008', '0f8d997426a31cb02206c727046822c0', '8df811008214b6002f4e47d81c20ed9c', '2023-05-11 12:03:11', '2023-05-11 12:03:23', 'completed', 'valid'),
('c28b867a5001a2e9cd01f5e1f2f729ea', '0f8d997426a31cb02206c727046822c0', '084933fca91ed09a16a16fc688001f1c', '2023-04-23 19:34:07', '2023-04-23 19:34:13', 'completed', 'valid'),
('c78eedbf1a4700ba4bfa4bca2d1c1410', '0f8d997426a31cb02206c727046822c0', 'cd5f85231055cf2855e01fca9597c164', '2023-05-13 09:04:51', '2023-05-13 09:04:51', 'on_service', 'valid'),
('c9d02dc5dd312759ef2ae2b14bb2b181', '0f8d997426a31cb02206c727046822c0', '80ff98f17fa5cadbfc0918581e96af9b', '2023-04-30 05:10:05', '2023-04-30 05:10:05', 'on_service', 'valid'),
('cc0e527c6698e0076855f83132e6f494', '0f8d997426a31cb02206c727046822c0', '47884c02fe96c3fa3de3dc843a17f97b', '2023-05-14 08:08:26', '2023-05-14 08:08:29', 'completed', 'valid'),
('cc5f03ee8d55f1ccca02b1fa237af3e6', '0f8d997426a31cb02206c727046822c0', 'dd9ffb9e3349549835b7e9dc2edac617', '2023-04-30 18:27:22', '2023-04-30 18:27:27', 'completed', 'valid'),
('cdcce1ccc144295161597cf16b6c489c', '0f8d997426a31cb02206c727046822c0', 'dbd12a44e79133696ce5b2d67ea8f061', '2023-04-01 03:43:41', '2023-04-01 03:43:41', 'on_service', 'valid'),
('cff6da09ae08b27fcd1ba02469330937', '0f8d997426a31cb02206c727046822c0', '05ffad258070117bfe64c9736f7de54b', '2023-04-30 18:08:33', '2023-04-30 18:08:45', 'completed', 'valid'),
('d00fe5099a47a7550322309f90ad0e81', '0f8d997426a31cb02206c727046822c0', '44723c2d679a458550b00d354aafcd28', '2023-05-13 09:05:51', '2023-05-13 09:06:04', 'completed', 'valid'),
('d1be9e3d84113425002a899011900590', '0f8d997426a31cb02206c727046822c0', '2149a0537107ce681cf96b1deecf8a2a', '2023-04-05 16:17:06', '2023-04-05 16:17:08', 'completed', 'valid'),
('d86d12129f4af5e6ba72ed5bfa55c02f', '0f8d997426a31cb02206c727046822c0', '4c8f682e478c610dfb439cda69647522', '2023-04-01 04:02:12', '2023-04-01 04:02:12', 'on_service', 'valid'),
('dacbf9c89fb981b4b23aded9be08f98b', '0f8d997426a31cb02206c727046822c0', '6be844e1b0c9925a6aca8cc06cda5dd4', '2023-04-30 18:29:20', '2023-04-30 18:29:20', 'on_service', 'valid'),
('dbd6b579d471a4722d0849cd7c07feb1', '0f8d997426a31cb02206c727046822c0', '0eb2cc1bd889c7018c58c139c8255985', '2023-05-17 06:31:17', '2023-05-17 06:31:41', 'completed', 'valid'),
('ddf2bc54f26e3fb15fe20ec497a22d81', '0f8d997426a31cb02206c727046822c0', '18f7b1eb8fd42f4e21747d4b6035eec2', '2023-04-30 18:04:13', '2023-04-30 18:04:24', 'completed', 'valid'),
('e1eaa81fc83d2143492dcedf0544699f', '0f8d997426a31cb02206c727046822c0', '9ebc0f9ba23e7f4484ff1fee26e6d0c0', '2023-05-13 09:14:31', '2023-05-13 09:14:34', 'completed', 'valid'),
('e4be3b5070e57f13605dbed4a48e7f03', '0f8d997426a31cb02206c727046822c0', '17687c9dbe7bff253f25bec106f3e855', '2023-04-06 22:39:03', '2023-04-06 22:39:03', 'on_service', 'valid'),
('ea6f0c1aa057c4d3a2527291e0ab210d', 'f055068706b1c9a3db655f23bf8a110f', '756edff5f4ae83b76262bf407d1a8912', '2023-04-23 15:54:12', '2023-04-23 15:54:16', 'completed', 'valid'),
('eaec3be3c3171d11ee6eea0cc0b389d2', '0f8d997426a31cb02206c727046822c0', '9d296098e5ace4f3d6e6060686e7667b', '2023-04-22 03:59:55', '2023-04-22 03:59:55', 'on_service', 'valid'),
('eda1ac3a42c58a6642b4e67807b66813', '0f8d997426a31cb02206c727046822c0', 'f2bb1632eb4f7c8b18103031f089a096', '2023-05-13 02:58:48', '2023-05-13 02:59:17', 'completed', 'valid'),
('ee292d8ba58f0a979e5cbb4bc0c6682a', '0f8d997426a31cb02206c727046822c0', '07e5c7705af1059821300b8ca2fb58f0', '2023-05-13 02:23:41', '2023-05-13 02:25:19', 'completed', 'valid'),
('ef3bf8723aefb0c9480549ab2122f928', '0f8d997426a31cb02206c727046822c0', 'ab2ed778a6511a906f0991d35ef79be5', '2023-04-01 03:43:49', '2023-04-01 03:43:49', 'on_service', 'valid'),
('f0b184b60de456110ac5796de2f4c0e2', '0f8d997426a31cb02206c727046822c0', '96d4d8cbd35aa3ed4cada0567571a8c2', '2023-05-13 02:32:54', '2023-05-13 08:21:17', 'completed', 'valid'),
('f6cb12c28aae8451a483c2353efc5d45', '0f8d997426a31cb02206c727046822c0', 'fdfa027856da9d8aa945cb0999518cea', '2023-04-30 18:29:18', '2023-04-30 18:29:20', 'completed', 'valid'),
('f8fd8c83869747c6bff44bbaba9c7b60', '0f8d997426a31cb02206c727046822c0', '356aa20465066338ff9bf11061f54192', '2023-05-17 06:52:46', '2023-05-17 06:53:04', 'completed', 'valid'),
('fa0844e28b23c1bfd4b8bf1dd3a2918c', '0f8d997426a31cb02206c727046822c0', 'e03ed23301f300d48e56eafd66bd07fc', '2023-04-30 17:53:27', '2023-04-30 17:53:32', 'completed', 'valid'),
('fc0a0b25d53fad8fed2652837f83c5bd', '0f8d997426a31cb02206c727046822c0', '549d04bc223c0cb6c243a0e0828d4e7b', '2023-05-11 12:03:34', '2023-05-11 12:03:34', 'on_service', 'valid'),
('fc68a27b1273132c1361cfae46fe0f76', '0f8d997426a31cb02206c727046822c0', '1facb8a64df1f8b7e66c00cd53059d58', '2023-05-13 02:28:52', '2023-05-13 02:32:33', 'completed', 'valid'),
('fec366d6c8373ab94c95067e32a5d826', '0f8d997426a31cb02206c727046822c0', 'fabbc027baa39470f74caff820234236', '2023-04-05 16:16:27', '2023-04-05 16:16:34', 'completed', 'valid'),
('ff14596869f576cab90b4648aac45718', '0f8d997426a31cb02206c727046822c0', 'f34e7f207a77db8f2803eb4e61c6492e', '2023-05-13 08:28:44', '2023-05-13 08:28:56', 'completed', 'valid');

-- --------------------------------------------------------

--
-- Table structure for table `qsession`
--

CREATE TABLE `qsession` (
  `qsid` varchar(255) NOT NULL,
  `sid` varchar(255) NOT NULL,
  `state` enum('on','off') DEFAULT 'off',
  `timeon` datetime NOT NULL DEFAULT current_timestamp(),
  `timeoff` datetime NOT NULL DEFAULT current_timestamp()
) ENGINE=InnoDB DEFAULT CHARSET=utf8 COLLATE=utf8_general_ci;

--
-- Dumping data for table `qsession`
--

INSERT INTO `qsession` (`qsid`, `sid`, `state`, `timeon`, `timeoff`) VALUES
('0102731fadd2ad4edef3c1f82b5ce957', 'b6aa9e947020ac2cf87d3bc7014e7ca2', 'on', '2023-03-31 15:24:59', '2023-03-31 15:24:59'),
('0184c0f1f35ee8a99cbf9f9e1bcc4373', 'a079e4c4064996ae1228347c54fa95f5', 'on', '2023-05-17 01:36:33', '2023-05-17 01:36:33'),
('07802741d346c43ce855ff947d37480c', 'a079e4c4064996ae1228347c54fa95f5', 'on', '2023-04-06 03:41:50', '2023-04-06 03:41:50'),
('0b3817a9a423799d6923e30961ec6a34', '1bb4a414c34067e751ba5390c6048423', 'on', '2023-04-29 03:56:17', '2023-04-29 03:56:17'),
('0c11307a16d682a90a7bf2a45e5ff769', 'c47d4af7c322d1ac067770c1ae1bb12c', 'on', '2023-05-10 03:07:12', '2023-05-10 03:07:12'),
('0f2841f2bfb3cade8ddb5e1496fff567', 'a079e4c4064996ae1228347c54fa95f5', 'on', '2023-04-17 06:16:57', '2023-04-17 06:16:57'),
('0f8ecd3dfd56ec5f909df68118e3e597', 'c1c8b7cd302adc78393bdadda425f25e', 'off', '2023-04-15 05:38:40', '2023-04-16 01:20:05'),
('127786636bbcc9054e32aa0d53d08f7b', 'dfd0dddd16ac5251f1dcda6ac84e3d9a', 'on', '2023-04-23 15:33:03', '2023-04-23 15:33:03'),
('143a6b74d6c30f3aab68aaa632349554', 'c47d4af7c322d1ac067770c1ae1bb12c', 'on', '2023-04-16 01:20:12', '2023-04-16 01:20:12'),
('15db597efbf6fc28935b4e7eecac4d6e', 'c47d4af7c322d1ac067770c1ae1bb12c', 'on', '2023-04-05 06:24:15', '2023-04-05 06:24:15'),
('16dc089bf368db25b63f4a04b33b6b1c', '0d3b86e354ea9cd3df80043f43611a1a', 'on', '2023-04-23 19:10:38', '2023-04-23 19:10:38'),
('16f949a5c25e389e4b0d79dafb16fb29', 'b6aa9e947020ac2cf87d3bc7014e7ca2', 'on', '2023-04-03 15:18:28', '2023-04-03 15:18:28'),
('199e8c55929679e649c1bbc5d16109a3', 'b6aa9e947020ac2cf87d3bc7014e7ca2', 'on', '2023-04-19 06:13:57', '2023-04-19 06:13:57'),
('1c334625263c68f56b6bec64454f8744', '4862f7dda23d3f7c31bb3fe5c236c0c3', 'on', '2023-05-16 09:08:46', '2023-05-16 09:08:46'),
('1d0b355c5876c33caa88fa9370117f60', 'b6aa9e947020ac2cf87d3bc7014e7ca2', 'on', '2023-05-16 22:55:51', '2023-05-16 22:55:51'),
('1ec97e7c8ad91617f95cb124bbd93aac', 'dc3665ec2df86043b6145122c4442161', 'on', '2023-04-05 23:22:49', '2023-04-05 23:22:49'),
('2139246a5d2ca25612ca3d96ac93ccee', 'c47d4af7c322d1ac067770c1ae1bb12c', 'on', '2023-04-02 01:07:51', '2023-04-02 01:07:51'),
('229928247edd4f4eb423bdb9610ff175', 'dc3665ec2df86043b6145122c4442161', 'on', '2023-04-30 18:28:30', '2023-04-30 18:28:30'),
('2436101f5c1e1fc016d57ede0cc79e50', '4862f7dda23d3f7c31bb3fe5c236c0c3', 'on', '2023-04-30 18:07:30', '2023-04-30 18:07:30'),
('254918a565ec1ead4ddb860f7d0f26f7', 'b6aa9e947020ac2cf87d3bc7014e7ca2', 'on', '2023-05-14 08:04:34', '2023-05-14 08:04:34'),
('2b1c19cf5a32450f69f2da640ff35111', '1bb4a414c34067e751ba5390c6048423', 'on', '2023-04-24 04:11:22', '2023-04-24 04:11:22'),
('2c133ea2af038d7d5c15ff8567cd87d7', '31c80189aae9f0949c6a96af5b334490', 'on', '2023-03-31 15:29:43', '2023-03-31 15:29:43'),
('2cc9f0dbba16e41c53b71fd42af2c6fe', 'c47d4af7c322d1ac067770c1ae1bb12c', 'on', '2023-05-14 08:10:34', '2023-05-14 08:10:34'),
('30a67be5cf8d13e04c5284795882244f', 'c1c8b7cd302adc78393bdadda425f25e', 'on', '2023-04-16 01:20:23', '2023-04-16 01:20:23'),
('38d1b3e8dff090c82a1188b4a3ab33b7', '4862f7dda23d3f7c31bb3fe5c236c0c3', 'on', '2023-05-11 11:19:20', '2023-05-11 11:19:20'),
('39aef05abc0ad6097c2e4b7c7ec8eff8', 'c47d4af7c322d1ac067770c1ae1bb12c', 'on', '2023-04-30 04:11:49', '2023-04-30 04:11:49'),
('3a8b428e1be58da8a3e69d37a548cf00', 'b6aa9e947020ac2cf87d3bc7014e7ca2', 'on', '2023-04-16 01:20:46', '2023-04-16 01:20:46'),
('3be5c30face747bcf9db10bff635026e', 'b6aa9e947020ac2cf87d3bc7014e7ca2', 'on', '2023-04-04 20:01:10', '2023-04-04 20:01:10'),
('3e9d085d8dff6b23b80b2813eae1e8f6', '0d3b86e354ea9cd3df80043f43611a1a', 'on', '2023-03-31 15:29:43', '2023-03-31 15:29:43'),
('4014a1356a3df33e36fe5a1c4e2ec60e', '4862f7dda23d3f7c31bb3fe5c236c0c3', 'on', '2023-04-23 04:40:23', '2023-04-23 04:40:23'),
('415c1876dc6d991189e811c16d371b8a', '51796040352f8d6bb6fcd339d5268d0e', 'on', '2023-05-13 08:23:10', '2023-05-13 08:23:10'),
('4377f0d57ab11914108710072ca405bb', 'c47d4af7c322d1ac067770c1ae1bb12c', 'on', '2023-04-21 14:33:06', '2023-04-21 14:33:06'),
('47164d140079cf5afa84ddea1e1c6621', 'b6aa9e947020ac2cf87d3bc7014e7ca2', 'on', '2023-05-11 11:22:29', '2023-05-11 11:22:29'),
('4cccbbd89e4c4e741a4d7d2946b6c1b0', '1bb4a414c34067e751ba5390c6048423', 'off', '2023-04-02 00:46:43', '2023-04-03 01:28:00'),
('55eaf688a6e41cc1639e36dc11187986', '31c80189aae9f0949c6a96af5b334490', 'on', '2023-04-23 15:56:39', '2023-04-23 15:56:39'),
('562496215c9efdf9916ea76fa98117f3', 'b6aa9e947020ac2cf87d3bc7014e7ca2', 'on', '2023-04-21 01:34:31', '2023-04-21 01:34:31'),
('56590b68b01c1d098cd881565aec2caa', '1bb4a414c34067e751ba5390c6048423', 'on', '2023-05-18 23:03:53', '2023-05-18 23:03:53'),
('5a63c3bc568661e99dbe149c48411002', '2d1d2fe5612537e895042157ce42cf39', 'on', '2023-04-30 18:07:32', '2023-04-30 18:07:32'),
('5a94cfb5b256cc7bcdc320056fa040d6', 'b6aa9e947020ac2cf87d3bc7014e7ca2', 'on', '2023-05-04 00:25:57', '2023-05-04 00:25:57'),
('5ae11bd77c4b24d18528bb5d2cb9e5d6', 'c47d4af7c322d1ac067770c1ae1bb12c', 'on', '2023-04-23 15:13:12', '2023-04-23 15:13:12'),
('5c458f605d8116c25b6bc92dffc2248a', 'c1c8b7cd302adc78393bdadda425f25e', 'on', '2023-04-05 21:11:31', '2023-04-05 21:11:31'),
('5f3a358700504d4657ba7b5167b41403', '1bb4a414c34067e751ba5390c6048423', 'on', '2023-03-31 15:28:54', '2023-03-31 15:28:54'),
('6bb48cf287fd8e6ecfb14c37ad8f8d2d', '4862f7dda23d3f7c31bb3fe5c236c0c3', 'on', '2023-04-21 15:48:01', '2023-04-21 15:48:01'),
('6db09b871b997cdfe65a2efccaba6f97', 'dc3665ec2df86043b6145122c4442161', 'on', '2023-05-13 02:41:19', '2023-05-13 02:41:19'),
('706c32cc1ab891dae82351196d6b0253', 'dfa9072972a96119459915864bcdc2a2', 'on', '2023-04-30 18:17:12', '2023-04-30 18:17:12'),
('721bd4571fc7e959e90543df4f3136ef', 'c47d4af7c322d1ac067770c1ae1bb12c', 'on', '2023-04-09 03:33:53', '2023-04-09 03:33:53'),
('772e8dbcf45da389fc54738f8b3080b0', '2d1d2fe5612537e895042157ce42cf39', 'on', '2023-05-18 23:00:52', '2023-05-18 23:00:52'),
('78691d071c27352740d1d8d66b9b1fb1', '2d1d2fe5612537e895042157ce42cf39', 'on', '2023-05-13 02:26:32', '2023-05-13 02:26:32'),
('7ccbb67f1920066314c128493dfc0832', 'c47d4af7c322d1ac067770c1ae1bb12c', 'on', '2023-05-12 07:46:35', '2023-05-12 07:46:35'),
('7ddd35d047d00875553151af6a03ce4b', 'dfa9072972a96119459915864bcdc2a2', 'on', '2023-04-23 15:21:10', '2023-04-23 15:21:10'),
('829746b13c361d616c3e0666f56dce07', 'dfa9072972a96119459915864bcdc2a2', 'on', '2023-05-13 08:58:33', '2023-05-13 08:58:33'),
('838d57a053aaecd88c1ede409408fcf2', 'a079e4c4064996ae1228347c54fa95f5', 'on', '2023-04-23 21:05:30', '2023-04-23 21:05:30'),
('86773b5608a00679cc0fee01a76142b1', 'b6aa9e947020ac2cf87d3bc7014e7ca2', 'on', '2023-05-13 02:18:25', '2023-05-13 02:18:25'),
('889b42b9501c02610645079294001410', '51796040352f8d6bb6fcd339d5268d0e', 'on', '2023-04-01 03:29:33', '2023-04-01 03:29:33'),
('89ea0a8ef0951e1588b36a25df08a066', 'c47d4af7c322d1ac067770c1ae1bb12c', 'on', '2023-05-17 06:48:28', '2023-05-17 06:48:28'),
('8bb2269a8eb7ca3a827dc8a28ebd6e1e', 'c1c8b7cd302adc78393bdadda425f25e', 'on', '2023-05-18 11:29:01', '2023-05-18 11:29:01'),
('8d8ec64709f465efce61636b2a0b9e5b', '4862f7dda23d3f7c31bb3fe5c236c0c3', 'on', '2023-04-16 03:33:20', '2023-04-16 03:33:20'),
('8f64663fc58fbfa9e475f37ffcf2a83e', 'c1c8b7cd302adc78393bdadda425f25e', 'on', '2023-05-10 03:07:11', '2023-05-10 03:07:11'),
('8f73d326e17cce0719d6e2e86ecccee6', 'a079e4c4064996ae1228347c54fa95f5', 'on', '2023-05-13 23:38:55', '2023-05-13 23:38:55'),
('8f8b554f44068a47e366076a87db3c43', 'dfd0dddd16ac5251f1dcda6ac84e3d9a', 'on', '2023-03-31 15:29:44', '2023-03-31 15:29:44'),
('8fe35fab674762b19b2825e4315e8b08', 'a079e4c4064996ae1228347c54fa95f5', 'on', '2023-04-01 15:29:24', '2023-04-01 15:29:24'),
('8ff843a8e6e4ef7fddf7d49a34d2f700', 'b6aa9e947020ac2cf87d3bc7014e7ca2', 'on', '2023-05-14 22:16:33', '2023-05-14 22:16:33'),
('944761342477d3b121af249379164f76', 'c47d4af7c322d1ac067770c1ae1bb12c', 'on', '2023-05-10 02:18:47', '2023-05-10 02:18:47'),
('94c615614789881a3ad8c52abde35c0f', '2d1d2fe5612537e895042157ce42cf39', 'on', '2023-04-01 03:42:50', '2023-04-01 03:42:50'),
('95d466bb37bb134c96237b00f2b06de8', 'c47d4af7c322d1ac067770c1ae1bb12c', 'on', '2023-05-13 02:54:23', '2023-05-13 02:54:23'),
('9626b90fb9a025d4db0f5679007dc2a1', '51796040352f8d6bb6fcd339d5268d0e', 'on', '2023-04-23 19:31:54', '2023-04-23 19:31:54'),
('98655cc9d0abc9a2e422512a5c4d917e', 'b6aa9e947020ac2cf87d3bc7014e7ca2', 'on', '2023-05-17 01:33:25', '2023-05-17 01:33:25'),
('989e3cc971965e188e36a8749134b782', 'a079e4c4064996ae1228347c54fa95f5', 'on', '2023-05-13 23:01:47', '2023-05-13 23:01:47'),
('9bc7aa9f8d38ee144ec941735a1ae747', '1bb4a414c34067e751ba5390c6048423', 'off', '2023-04-02 01:20:55', '2023-04-03 01:28:00'),
('9de40cedc469c44cfb6bba0832467dd2', 'a079e4c4064996ae1228347c54fa95f5', 'on', '2023-05-13 11:43:06', '2023-05-13 11:43:06'),
('9de7fb3c3eb8d62cf7530f5dcfff347f', 'b6aa9e947020ac2cf87d3bc7014e7ca2', 'on', '2023-05-12 02:04:06', '2023-05-12 02:04:06'),
('9ece6b4d5a91ea77260c1add1b88e64f', 'dfa9072972a96119459915864bcdc2a2', 'on', '2023-04-02 01:08:18', '2023-04-02 01:08:18'),
('a9d2156c8e83020e4ec840a8fb86bec2', 'b6aa9e947020ac2cf87d3bc7014e7ca2', 'on', '2023-04-25 17:18:10', '2023-04-25 17:18:10'),
('ab101b85493d477f4f9c90d7603f071d', 'a079e4c4064996ae1228347c54fa95f5', 'on', '2023-04-22 14:20:48', '2023-04-22 14:20:48'),
('b6c8fe3cfe43a66e23356a1404b15667', '51796040352f8d6bb6fcd339d5268d0e', 'on', '2023-04-30 18:29:30', '2023-04-30 18:29:30'),
('b70ab53e1da07ebf838447df3dfcb6d8', 'b6aa9e947020ac2cf87d3bc7014e7ca2', 'on', '2023-04-23 15:11:37', '2023-04-23 15:11:37'),
('b7d79f150713996c345c3b4d4caf757e', 'b6aa9e947020ac2cf87d3bc7014e7ca2', 'on', '2023-04-02 00:46:15', '2023-04-02 00:46:15'),
('b948d94cdc9f6e4dbd69577c09985cd3', 'dc3665ec2df86043b6145122c4442161', 'on', '2023-03-30 06:11:50', '2023-03-31 06:11:50'),
('b9659b997507507ee2318303db065465', '2d1d2fe5612537e895042157ce42cf39', 'on', '2023-04-21 15:48:19', '2023-04-21 15:48:19'),
('b9a5aaf0d56ac09a4842fc0e73ebc30f', '2d1d2fe5612537e895042157ce42cf39', 'on', '2023-04-05 21:16:29', '2023-04-05 21:16:29'),
('bccd616a32f4faced0c685b69e14e91d', 'b6aa9e947020ac2cf87d3bc7014e7ca2', 'on', '2023-04-02 01:07:42', '2023-04-02 01:07:42'),
('bcd2ee43cea0b23ee7c163cc0379555f', 'b6aa9e947020ac2cf87d3bc7014e7ca2', 'on', '2023-04-22 14:19:58', '2023-04-22 14:19:58'),
('bf4e689069353b485d8b500468185e38', 'c47d4af7c322d1ac067770c1ae1bb12c', 'on', '2023-03-31 15:24:37', '2023-03-31 15:24:37'),
('c1207f7c4a7dec1cad04e2195d1b38e9', '2d1d2fe5612537e895042157ce42cf39', 'on', '2023-04-04 19:10:52', '2023-04-04 19:10:52'),
('c1a7a70bc5d5574b99c53c370cb43131', 'b6aa9e947020ac2cf87d3bc7014e7ca2', 'on', '2023-04-05 21:11:32', '2023-04-05 21:11:32'),
('cc752bcfb302933ed6c709bef694a939', '4862f7dda23d3f7c31bb3fe5c236c0c3', 'on', '2023-04-06 00:38:45', '2023-04-06 00:38:45'),
('d0df7cab6cfb90e2f3b0473fe0f6114a', 'dfa9072972a96119459915864bcdc2a2', 'on', '2023-03-31 06:11:16', '2023-03-31 06:11:16'),
('d5e6d875889ae326c97c0f3e0de65029', 'b6aa9e947020ac2cf87d3bc7014e7ca2', 'on', '2023-04-07 16:45:18', '2023-04-07 16:45:18'),
('d695695fa4df458055535e17227e4551', 'dfa9072972a96119459915864bcdc2a2', 'on', '2023-04-06 15:10:15', '2023-04-06 15:10:15'),
('d737916dec646e837aba375e5ff0382e', 'b6aa9e947020ac2cf87d3bc7014e7ca2', 'on', '2023-05-16 09:03:45', '2023-05-16 09:03:45'),
('de8b301af088cdb6939385de014f500e', 'b6aa9e947020ac2cf87d3bc7014e7ca2', 'on', '2023-04-30 17:55:22', '2023-04-30 17:55:22'),
('dfec682c82e93339b41cc5a5f602b03a', '2d1d2fe5612537e895042157ce42cf39', 'on', '2023-04-23 19:25:39', '2023-04-23 19:25:39'),
('e132fa7acd50f1083da55113a2a342b2', 'b6aa9e947020ac2cf87d3bc7014e7ca2', 'on', '2023-05-12 21:00:37', '2023-05-12 21:00:37'),
('e8739420a42ef620a185c719677f2d1e', 'dc3665ec2df86043b6145122c4442161', 'on', '2023-04-23 19:32:20', '2023-04-23 19:32:20'),
('e8954c6ab81520368d3cee9873902c19', 'a079e4c4064996ae1228347c54fa95f5', 'on', '2023-04-30 18:26:03', '2023-04-30 18:26:03'),
('eb2fbf210034dbe6289fbad2d1d1530a', 'dc3665ec2df86043b6145122c4442161', 'on', '2023-05-10 03:24:31', '2023-05-10 03:24:31'),
('ed7c4bb37a9cc0504be18dd3ba454ba8', 'b6aa9e947020ac2cf87d3bc7014e7ca2', 'on', '2023-05-12 22:55:37', '2023-05-12 22:55:37'),
('f3ece3c81127634598dabdeef46f5f80', 'b6aa9e947020ac2cf87d3bc7014e7ca2', 'on', '2023-04-06 15:01:17', '2023-04-06 15:01:17'),
('fb79d77b34897eee6c3e9ef2dc9916d0', 'a079e4c4064996ae1228347c54fa95f5', 'on', '2023-05-14 22:16:53', '2023-05-14 22:16:53'),
('fc078162a11026d58472e5653b34eed8', 'b6aa9e947020ac2cf87d3bc7014e7ca2', 'on', '2023-04-29 03:20:18', '2023-04-29 03:20:18'),
('fd6b3fa2056835d35bb878b9148f1000', 'b6aa9e947020ac2cf87d3bc7014e7ca2', 'on', '2023-05-18 06:07:33', '2023-05-18 06:07:33');

-- --------------------------------------------------------

--
-- Table structure for table `queue`
--

CREATE TABLE `queue` (
  `qid` varchar(255) NOT NULL,
  `issue_time` timestamp NULL DEFAULT current_timestamp(),
  `number` int(11) NOT NULL,
  `token` varchar(255) NOT NULL,
  `channel` enum('web','android','telegram','ussd','card') NOT NULL,
  `state` enum('waiting','next','checkedin','') NOT NULL DEFAULT 'waiting',
  `status` enum('selfshifted','shifted','issued','reissued','blocked') NOT NULL DEFAULT 'issued',
  `sid` varchar(255) NOT NULL,
  `ftoken` varchar(1000) DEFAULT NULL
) ENGINE=InnoDB DEFAULT CHARSET=utf8 COLLATE=utf8_general_ci;

--
-- Dumping data for table `queue`
--

INSERT INTO `queue` (`qid`, `issue_time`, `number`, `token`, `channel`, `state`, `status`, `sid`, `ftoken`) VALUES
('00057b6eb81ac26bef4d90dd4ccd527a', '2023-03-22 18:37:10', 4, '0f8d997426a31cb02206c727046822c0', 'android', 'next', 'selfshifted', 'dfa9072972a96119459915864bcdc2a2', NULL),
('0064c5744618fb1edff4b76cec7df60b', '2023-05-13 14:54:37', 1, '0f8d997426a31cb02206c727046822c0', 'android', 'checkedin', 'issued', '51796040352f8d6bb6fcd339d5268d0e', 'c1YJbJG1TJWcPMoOIM8gXg:APA91bFgTD3gAhTTgCyEN35YIwB3nERsTxYYv2ZFvHUdEA894IxX-UI6n5mkc7g6oiODHU2cKE5Za4mC_UPi_kkO-jy3SjPdiGHZWRa8pkFz7WLtkG9UQVzWbod0dmktnPWXHPbZ4LuR'),
('011b6e3d74bb41c42e20c17670f424f9', '2023-03-31 18:49:27', 2, 'd1d8fdee764df276091ff2c1cd34c1d7', 'android', 'waiting', 'issued', 'dfd0dddd16ac5251f1dcda6ac84e3d9a', NULL),
('01593211c70fbc91052e46e3ec9885b0', '2023-03-19 05:33:09', 3, 'f055068706b1c9a3db655f23bf8a110f', 'android', 'next', 'issued', 'b6aa9e947020ac2cf87d3bc7014e7ca2', NULL),
('01d6e24a0171fb16f147d0cd249d7aee', '2023-04-01 13:20:31', 2, '0f8d997426a31cb02206c727046822c0', 'android', 'waiting', 'selfshifted', '2d1d2fe5612537e895042157ce42cf39', NULL),
('025ca4f0f2ccb8aeca5cdb2fdd7fffc0', '2023-03-04 18:25:22', 5, '8c173ff94eb34b388b87d52ba4f8cd77', 'web', 'waiting', 'issued', 'a079e4c4064996ae1228347c54fa95f5', NULL),
('02e61a377168421364899d16a8c0b9f3', '2023-05-17 08:04:54', 2, 'c5864fe5997e062a86de8738aaffa32d', 'android', 'checkedin', 'issued', 'b6aa9e947020ac2cf87d3bc7014e7ca2', 'c1YJbJG1TJWcPMoOIM8gXg:APA91bFgTD3gAhTTgCyEN35YIwB3nERsTxYYv2ZFvHUdEA894IxX-UI6n5mkc7g6oiODHU2cKE5Za4mC_UPi_kkO-jy3SjPdiGHZWRa8pkFz7WLtkG9UQVzWbod0dmktnPWXHPbZ4LuR'),
('044d22d7abde28d58ac4d9b36a9a94c8', '2023-05-17 18:36:09', 3, '9b404d96b54d2c9e765cae166239b1f5', 'android', 'waiting', 'issued', 'a079e4c4064996ae1228347c54fa95f5', 'c1YJbJG1TJWcPMoOIM8gXg:APA91bFgTD3gAhTTgCyEN35YIwB3nERsTxYYv2ZFvHUdEA894IxX-UI6n5mkc7g6oiODHU2cKE5Za4mC_UPi_kkO-jy3SjPdiGHZWRa8pkFz7WLtkG9UQVzWbod0dmktnPWXHPbZ4LuR'),
('046d549625fa36622eb0f496a30f2cdf', '2023-03-04 18:36:47', 2, '0f8d997426a31cb02206c727046822c0', 'web', 'waiting', 'issued', '1bb4a414c34067e751ba5390c6048423', NULL),
('04cea8efa0af7af6787dcab807db11a6', '2023-03-25 16:47:59', 2, '0f8d997426a31cb02206c727046822c0', 'android', 'checkedin', 'issued', 'b6aa9e947020ac2cf87d3bc7014e7ca2', NULL),
('0547391e2ec91da39f9a1a262dce24e5', '2023-03-04 18:17:40', 5, '8c173ff94eb34b388b87d52ba4f8cd77', 'web', 'waiting', 'issued', 'dfd0dddd16ac5251f1dcda6ac84e3d9a', NULL),
('0558f4ce378dc01f152a384aea2b61c5', '2023-04-07 06:49:31', 3, 'd1d8fdee764df276091ff2c1cd34c1d7', 'android', 'waiting', 'issued', 'b6aa9e947020ac2cf87d3bc7014e7ca2', 'cz5kDI74TLGvKe4FEoHEU5:APA91bH7BVaAjkQBMvOkuu4ShW6yBdKHj8BRmWALUT-grrhsMDCM-O9bwkWkYCN69cBnZ4Sr-Zm1sskiBqj8bLtWIAoioWY4-tpc_nTgbyscl1GxI75dMxgAAHHTuyUNGUtJFmuaKVBD'),
('05ffad258070117bfe64c9736f7de54b', '2023-04-30 08:07:42', 1, '0f8d997426a31cb02206c727046822c0', 'android', 'checkedin', 'issued', '2d1d2fe5612537e895042157ce42cf39', 'c1YJbJG1TJWcPMoOIM8gXg:APA91bFgTD3gAhTTgCyEN35YIwB3nERsTxYYv2ZFvHUdEA894IxX-UI6n5mkc7g6oiODHU2cKE5Za4mC_UPi_kkO-jy3SjPdiGHZWRa8pkFz7WLtkG9UQVzWbod0dmktnPWXHPbZ4LuR'),
('0647058f05ed1ac00c5d645e5ef8a3a0', '2023-03-06 16:33:23', 5, 'da342d15c1fe7235b3521766966b3c82', 'web', 'waiting', 'issued', 'b6aa9e947020ac2cf87d3bc7014e7ca2', NULL),
('066bb3642362f20ff248ef76176fef98', '2023-03-05 09:42:48', 9, '8c173ff94eb34b388b87d52ba4f8cd77', 'web', 'waiting', 'issued', '1bb4a414c34067e751ba5390c6048423', NULL),
('06e0779b7c518b6bd58093cb9b701d0b', '2023-03-21 16:46:38', 2, '8c173ff94eb34b388b87d52ba4f8cd77', 'android', 'waiting', 'issued', 'c1c8b7cd302adc78393bdadda425f25e', NULL),
('0769ce7bbadd060da6a8cc3390e3b673', '2023-03-04 18:17:40', 4, '6c9caf9e7ddf0f693ddeedfbef9b0225', 'web', 'waiting', 'issued', 'dfd0dddd16ac5251f1dcda6ac84e3d9a', NULL),
('07e5c7705af1059821300b8ca2fb58f0', '2023-05-13 08:48:37', 1, '0f8d997426a31cb02206c727046822c0', 'android', 'checkedin', 'issued', 'b6aa9e947020ac2cf87d3bc7014e7ca2', 'c1YJbJG1TJWcPMoOIM8gXg:APA91bFgTD3gAhTTgCyEN35YIwB3nERsTxYYv2ZFvHUdEA894IxX-UI6n5mkc7g6oiODHU2cKE5Za4mC_UPi_kkO-jy3SjPdiGHZWRa8pkFz7WLtkG9UQVzWbod0dmktnPWXHPbZ4LuR'),
('084933fca91ed09a16a16fc688001f1c', '2023-04-23 09:32:59', 5, '025ca3368c924c13576010e25433293c', 'android', 'checkedin', 'selfshifted', 'dc3665ec2df86043b6145122c4442161', 'c1YJbJG1TJWcPMoOIM8gXg:APA91bFgTD3gAhTTgCyEN35YIwB3nERsTxYYv2ZFvHUdEA894IxX-UI6n5mkc7g6oiODHU2cKE5Za4mC_UPi_kkO-jy3SjPdiGHZWRa8pkFz7WLtkG9UQVzWbod0dmktnPWXHPbZ4LuR'),
('089fc19b9b7720f992f4a3d829f832dc', '2023-04-23 09:45:20', 6, '2e057d4b1f9dda8b492d84d80c7fa3d5', 'android', 'checkedin', 'selfshifted', '51796040352f8d6bb6fcd339d5268d0e', 'c1YJbJG1TJWcPMoOIM8gXg:APA91bFgTD3gAhTTgCyEN35YIwB3nERsTxYYv2ZFvHUdEA894IxX-UI6n5mkc7g6oiODHU2cKE5Za4mC_UPi_kkO-jy3SjPdiGHZWRa8pkFz7WLtkG9UQVzWbod0dmktnPWXHPbZ4LuR'),
('090979f64111c5fa22812e5f3ebfec24', '2023-04-01 14:15:41', 2, '8c173ff94eb34b388b87d52ba4f8cd77', 'android', 'waiting', 'issued', '51796040352f8d6bb6fcd339d5268d0e', NULL),
('091c64a055a1636aa4fdab45b58d03f4', '2023-03-05 09:42:48', 1, 'f055068706b1c9a3db655f23bf8a110f', 'web', 'waiting', 'issued', '1bb4a414c34067e751ba5390c6048423', NULL),
('0a912821c5388a4a8374249535dd36c6', '2023-03-21 17:15:30', 6, '025ca3368c924c13576010e25433293c', 'android', 'waiting', 'issued', 'c47d4af7c322d1ac067770c1ae1bb12c', NULL),
('0af40c863c4cffe730e04be45c33ece0', '2023-03-18 10:11:25', 1, '0f8d997426a31cb02206c727046822c0', 'android', 'waiting', 'issued', 'b6aa9e947020ac2cf87d3bc7014e7ca2', NULL),
('0b6ad936ba46f86ce5489d3b3b1cc69b', '2023-02-28 14:23:05', 1, 'f055068706b1c9a3db655f23bf8a110f', 'android', 'waiting', 'issued', '0d3b86e354ea9cd3df80043f43611a1a ', NULL),
('0c79cde92984398db53802c860c5c36c', '2023-03-04 18:25:22', 1, 'd1d8fdee764df276091ff2c1cd34c1d7', 'web', 'waiting', 'issued', 'a079e4c4064996ae1228347c54fa95f5', NULL),
('0dc1d8b0d4247d24187a57957c94817b', '2023-03-22 16:12:14', 1, 'f055068706b1c9a3db655f23bf8a110f', 'android', 'waiting', 'issued', 'b6aa9e947020ac2cf87d3bc7014e7ca2', NULL),
('0dc3c3f2c3bbe92c543cb2c8cf99b3db', '2023-01-31 20:10:32', 14, 'c6525e3f8694e092d12ec0f2fa660112', 'web', 'checkedin', 'selfshifted', '1bb4a414c34067e751ba5390c6048423', NULL),
('0e5f4507f22c8be12c918232e7114f8d', '2023-03-05 09:42:48', 2, 'da342d15c1fe7235b3521766966b3c82', 'android', 'waiting', 'issued', '31c80189aae9f0949c6a96af5b334490', NULL),
('0eb2cc1bd889c7018c58c139c8255985', '2023-05-17 08:03:31', 1, '0f8d997426a31cb02206c727046822c0', 'android', 'checkedin', 'issued', 'b6aa9e947020ac2cf87d3bc7014e7ca2', 'c1YJbJG1TJWcPMoOIM8gXg:APA91bFgTD3gAhTTgCyEN35YIwB3nERsTxYYv2ZFvHUdEA894IxX-UI6n5mkc7g6oiODHU2cKE5Za4mC_UPi_kkO-jy3SjPdiGHZWRa8pkFz7WLtkG9UQVzWbod0dmktnPWXHPbZ4LuR'),
('1026ee8d6118b49d3d9456cd48474e53', '2023-05-17 18:19:52', 3, 'c5864fe5997e062a86de8738aaffa32d', 'android', 'waiting', 'issued', 'c47d4af7c322d1ac067770c1ae1bb12c', 'c1YJbJG1TJWcPMoOIM8gXg:APA91bFgTD3gAhTTgCyEN35YIwB3nERsTxYYv2ZFvHUdEA894IxX-UI6n5mkc7g6oiODHU2cKE5Za4mC_UPi_kkO-jy3SjPdiGHZWRa8pkFz7WLtkG9UQVzWbod0dmktnPWXHPbZ4LuR'),
('104b6e532fbc34b9d0bdfed7c40236d3', '2023-04-30 08:17:29', 3, '0f8d997426a31cb02206c727046822c0', 'android', 'checkedin', 'issued', 'dfa9072972a96119459915864bcdc2a2', 'c1YJbJG1TJWcPMoOIM8gXg:APA91bFgTD3gAhTTgCyEN35YIwB3nERsTxYYv2ZFvHUdEA894IxX-UI6n5mkc7g6oiODHU2cKE5Za4mC_UPi_kkO-jy3SjPdiGHZWRa8pkFz7WLtkG9UQVzWbod0dmktnPWXHPbZ4LuR'),
('10764ea738893a36c13dfb2cae5a9982', '2023-05-17 08:09:04', 3, '025ca3368c924c13576010e25433293c', 'android', 'checkedin', 'issued', 'a079e4c4064996ae1228347c54fa95f5', 'c1YJbJG1TJWcPMoOIM8gXg:APA91bFgTD3gAhTTgCyEN35YIwB3nERsTxYYv2ZFvHUdEA894IxX-UI6n5mkc7g6oiODHU2cKE5Za4mC_UPi_kkO-jy3SjPdiGHZWRa8pkFz7WLtkG9UQVzWbod0dmktnPWXHPbZ4LuR'),
('10b97cfb7a428505677d31a2b7ac2a3c', '2023-05-14 14:41:39', 6, '2e057d4b1f9dda8b492d84d80c7fa3d5', 'android', 'checkedin', 'selfshifted', 'c47d4af7c322d1ac067770c1ae1bb12c', 'c1YJbJG1TJWcPMoOIM8gXg:APA91bFgTD3gAhTTgCyEN35YIwB3nERsTxYYv2ZFvHUdEA894IxX-UI6n5mkc7g6oiODHU2cKE5Za4mC_UPi_kkO-jy3SjPdiGHZWRa8pkFz7WLtkG9UQVzWbod0dmktnPWXHPbZ4LuR'),
('10fa5f51eb8aee3d9a5ad069613ab809', '2023-02-28 14:27:05', 1, 'f090d07b9fd03d6b0004ffbc29f0b7c9', 'android', 'waiting', 'issued', 'dc3665ec2df86043b6145122c4442161', NULL),
('11af48dd1226b6e1076f4f27c7f2c510', '2023-04-06 05:11:41', 5, '9e1290f9844e53c2e2b1d4b32728bf27', 'android', 'waiting', 'issued', 'dfa9072972a96119459915864bcdc2a2', 'cz5kDI74TLGvKe4FEoHEU5:APA91bH7BVaAjkQBMvOkuu4ShW6yBdKHj8BRmWALUT-grrhsMDCM-O9bwkWkYCN69cBnZ4Sr-Zm1sskiBqj8bLtWIAoioWY4-tpc_nTgbyscl1GxI75dMxgAAHHTuyUNGUtJFmuaKVBD'),
('128cfb4d15027664a5a2a64e6cf69286', '2023-03-31 04:29:59', 1, 'f055068706b1c9a3db655f23bf8a110f', 'android', 'waiting', 'issued', 'dfd0dddd16ac5251f1dcda6ac84e3d9a', NULL),
('132f5c322b46c3d1b9da7010efa06b7b', '2023-01-30 19:56:44', 6, '025ca3368c924c13576010e25433293c', 'web', 'checkedin', 'issued', '1bb4a414c34067e751ba5390c6048423', NULL),
('1354e6bc4d5bd3295d4ddd8f28ef47dc', '2023-03-18 11:31:27', 2, 'f055068706b1c9a3db655f23bf8a110f', 'android', 'waiting', 'issued', 'a079e4c4064996ae1228347c54fa95f5', NULL),
('1365de8315b939ff6ef242dc6ba27dff', '2023-03-05 17:43:40', 7, 'f055068706b1c9a3db655f23bf8a110f', 'web', 'checkedin', 'issued', 'b6aa9e947020ac2cf87d3bc7014e7ca2', NULL),
('13bf18279b3714dc523bbaa05c40f71b', '2023-03-19 05:33:34', 4, 'da342d15c1fe7235b3521766966b3c82', 'android', 'waiting', 'issued', 'b6aa9e947020ac2cf87d3bc7014e7ca2', NULL),
('13ffdc5e6ad8d76fb7efd8ec7b3560ea', '2023-03-31 18:41:41', 3, '6c9caf9e7ddf0f693ddeedfbef9b0225', 'android', 'waiting', 'issued', 'dfa9072972a96119459915864bcdc2a2', NULL),
('148736df4d8e660604ffacbb7d1e9504', '2023-04-05 11:11:37', 1, '0f8d997426a31cb02206c727046822c0', 'android', 'next', 'issued', 'b6aa9e947020ac2cf87d3bc7014e7ca2', 'cz5kDI74TLGvKe4FEoHEU5:APA91bH7BVaAjkQBMvOkuu4ShW6yBdKHj8BRmWALUT-grrhsMDCM-O9bwkWkYCN69cBnZ4Sr-Zm1sskiBqj8bLtWIAoioWY4-tpc_nTgbyscl1GxI75dMxgAAHHTuyUNGUtJFmuaKVBD'),
('1598d6f0c0e97fac510d4bc0fcf5e2f9', '2023-03-25 16:48:30', 4, '8c173ff94eb34b388b87d52ba4f8cd77', 'android', 'checkedin', 'issued', 'b6aa9e947020ac2cf87d3bc7014e7ca2', NULL),
('16bc462f20021b6337c07aee42c62e71', '2023-03-17 13:37:28', 1, '0f8d997426a31cb02206c727046822c0', 'android', 'waiting', 'issued', 'dc3665ec2df86043b6145122c4442161', NULL),
('16c21649135632d4ca1dfb605fe5a046', '2023-03-28 06:32:13', 3, '2e057d4b1f9dda8b492d84d80c7fa3d5', 'android', 'next', 'issued', 'b6aa9e947020ac2cf87d3bc7014e7ca2', NULL),
('17687c9dbe7bff253f25bec106f3e855', '2023-04-06 05:44:58', 6, '2e057d4b1f9dda8b492d84d80c7fa3d5', 'android', 'checkedin', 'issued', '2d1d2fe5612537e895042157ce42cf39', 'cz5kDI74TLGvKe4FEoHEU5:APA91bH7BVaAjkQBMvOkuu4ShW6yBdKHj8BRmWALUT-grrhsMDCM-O9bwkWkYCN69cBnZ4Sr-Zm1sskiBqj8bLtWIAoioWY4-tpc_nTgbyscl1GxI75dMxgAAHHTuyUNGUtJFmuaKVBD'),
('17731d94ba39db746ba35e585f11bcb7', '2023-03-04 18:25:22', 3, '2e057d4b1f9dda8b492d84d80c7fa3d5', 'web', 'waiting', 'issued', 'a079e4c4064996ae1228347c54fa95f5', NULL),
('17a2a4294886f8c6b4d090c1406e3fd9', '2023-05-18 18:09:06', 4, 'da342d15c1fe7235b3521766966b3c82', 'android', 'waiting', 'issued', 'c1c8b7cd302adc78393bdadda425f25e', 'c1YJbJG1TJWcPMoOIM8gXg:APA91bFgTD3gAhTTgCyEN35YIwB3nERsTxYYv2ZFvHUdEA894IxX-UI6n5mkc7g6oiODHU2cKE5Za4mC_UPi_kkO-jy3SjPdiGHZWRa8pkFz7WLtkG9UQVzWbod0dmktnPWXHPbZ4LuR'),
('187f6170a53f2f3b01bdf4b9d4a12bec', '2023-03-06 16:33:23', 2, '0f8d997426a31cb02206c727046822c0', 'web', 'checkedin', 'issued', 'b6aa9e947020ac2cf87d3bc7014e7ca2', NULL),
('18901d7e40927752c126178e84bf8919', '2023-05-17 08:05:24', 3, '025ca3368c924c13576010e25433293c', 'android', 'checkedin', 'issued', 'b6aa9e947020ac2cf87d3bc7014e7ca2', 'c1YJbJG1TJWcPMoOIM8gXg:APA91bFgTD3gAhTTgCyEN35YIwB3nERsTxYYv2ZFvHUdEA894IxX-UI6n5mkc7g6oiODHU2cKE5Za4mC_UPi_kkO-jy3SjPdiGHZWRa8pkFz7WLtkG9UQVzWbod0dmktnPWXHPbZ4LuR'),
('18f7b1eb8fd42f4e21747d4b6035eec2', '2023-04-30 07:59:04', 3, '025ca3368c924c13576010e25433293c', 'android', 'checkedin', 'issued', 'b6aa9e947020ac2cf87d3bc7014e7ca2', 'c1YJbJG1TJWcPMoOIM8gXg:APA91bFgTD3gAhTTgCyEN35YIwB3nERsTxYYv2ZFvHUdEA894IxX-UI6n5mkc7g6oiODHU2cKE5Za4mC_UPi_kkO-jy3SjPdiGHZWRa8pkFz7WLtkG9UQVzWbod0dmktnPWXHPbZ4LuR'),
('1938005c26b8eeacc4c5656d62989178', '2023-03-22 16:40:12', 2, '6c9caf9e7ddf0f693ddeedfbef9b0225', 'android', 'waiting', 'issued', 'b6aa9e947020ac2cf87d3bc7014e7ca2', NULL),
('19b8a7c697a54e15a263d05eec811ac1', '2023-04-15 04:13:04', 2, '0f8d997426a31cb02206c727046822c0', 'android', 'next', 'selfshifted', 'c1c8b7cd302adc78393bdadda425f25e', 'eRflADHHQU2P2Xw_47UJII:APA91bE6SraAOGDfH3UzffgpQbmvqW5xjj_MUfNE1du7qndX1mV_mUtq1-pX3EHnRvQBqBXrnE6NntPuqZRk4d_TVbZr1fQS8gNMHzr2cr6T8sz5bzSfY3hpiAlJ5o3UWk770ytfuQNC'),
('1b2df7217a4b781e08ef9677e3c7cbef', '2023-04-05 05:41:02', 3, 'f055068706b1c9a3db655f23bf8a110f', 'android', 'next', 'issued', 'c47d4af7c322d1ac067770c1ae1bb12c', 'cz5kDI74TLGvKe4FEoHEU5:APA91bH7BVaAjkQBMvOkuu4ShW6yBdKHj8BRmWALUT-grrhsMDCM-O9bwkWkYCN69cBnZ4Sr-Zm1sskiBqj8bLtWIAoioWY4-tpc_nTgbyscl1GxI75dMxgAAHHTuyUNGUtJFmuaKVBD'),
('1c35df715f72bab7040e94f5f9197ee0', '2023-02-28 15:02:10', 1, 'f090d07b9fd03d6b0004ffbc29f0b7c9', 'android', 'waiting', 'issued', 'dfd0dddd16ac5251f1dcda6ac84e3d9a', NULL),
('1ca74e98003ee6c7ab2d03b33840ecb5', '2023-03-21 16:50:47', 3, '0f8d997426a31cb02206c727046822c0', 'android', 'waiting', 'selfshifted', '51796040352f8d6bb6fcd339d5268d0e', NULL),
('1cc68ff05cc0af51a55d1a69761d0bbb', '2023-03-25 15:53:08', 3, '8c173ff94eb34b388b87d52ba4f8cd77', 'android', 'checkedin', 'issued', '51796040352f8d6bb6fcd339d5268d0e', NULL),
('1cd45f681bfaa3c8f6d9f69dcb6471d1', '2023-03-04 18:17:40', 1, 'd1d8fdee764df276091ff2c1cd34c1d7', 'web', 'waiting', 'issued', 'dfd0dddd16ac5251f1dcda6ac84e3d9a', NULL),
('1e166f2cf58ece4e087c230bc3246a9d', '2023-03-01 15:09:30', 1, 'f055068706b1c9a3db655f23bf8a110f', 'android', 'waiting', 'issued', '0d3b86e354ea9cd3df80043f43611a1a', NULL),
('1f47b80ff01a0f9977f4c391e8bb4daa', '2023-04-23 09:44:49', 1, 'f055068706b1c9a3db655f23bf8a110f', 'android', 'next', 'issued', '51796040352f8d6bb6fcd339d5268d0e', 'c1YJbJG1TJWcPMoOIM8gXg:APA91bFgTD3gAhTTgCyEN35YIwB3nERsTxYYv2ZFvHUdEA894IxX-UI6n5mkc7g6oiODHU2cKE5Za4mC_UPi_kkO-jy3SjPdiGHZWRa8pkFz7WLtkG9UQVzWbod0dmktnPWXHPbZ4LuR'),
('1f5172694879349f49f405899be8f32d', '2023-04-23 05:51:35', 3, '0f8d997426a31cb02206c727046822c0', 'android', 'checkedin', 'issued', 'dfd0dddd16ac5251f1dcda6ac84e3d9a', 'c1YJbJG1TJWcPMoOIM8gXg:APA91bFgTD3gAhTTgCyEN35YIwB3nERsTxYYv2ZFvHUdEA894IxX-UI6n5mkc7g6oiODHU2cKE5Za4mC_UPi_kkO-jy3SjPdiGHZWRa8pkFz7WLtkG9UQVzWbod0dmktnPWXHPbZ4LuR'),
('1facb8a64df1f8b7e66c00cd53059d58', '2023-05-13 08:56:41', 1, '0f8d997426a31cb02206c727046822c0', 'android', 'checkedin', 'issued', '2d1d2fe5612537e895042157ce42cf39', 'c1YJbJG1TJWcPMoOIM8gXg:APA91bFgTD3gAhTTgCyEN35YIwB3nERsTxYYv2ZFvHUdEA894IxX-UI6n5mkc7g6oiODHU2cKE5Za4mC_UPi_kkO-jy3SjPdiGHZWRa8pkFz7WLtkG9UQVzWbod0dmktnPWXHPbZ4LuR'),
('1fe4765f8b80448da800d9d1af7d2036', '2023-04-06 05:02:39', 7, 'f055068706b1c9a3db655f23bf8a110f', 'android', 'checkedin', 'issued', 'b6aa9e947020ac2cf87d3bc7014e7ca2', 'cz5kDI74TLGvKe4FEoHEU5:APA91bH7BVaAjkQBMvOkuu4ShW6yBdKHj8BRmWALUT-grrhsMDCM-O9bwkWkYCN69cBnZ4Sr-Zm1sskiBqj8bLtWIAoioWY4-tpc_nTgbyscl1GxI75dMxgAAHHTuyUNGUtJFmuaKVBD'),
('1feed744caefdf59f18cffc69417a2b5', '2023-03-04 18:40:04', 4, '6c9caf9e7ddf0f693ddeedfbef9b0225', 'web', 'waiting', 'issued', 'b6aa9e947020ac2cf87d3bc7014e7ca2', NULL),
('2056bec334a798b44fbe0022458b9e52', '2023-04-05 13:23:20', 3, 'f055068706b1c9a3db655f23bf8a110f', 'android', 'checkedin', 'issued', 'dc3665ec2df86043b6145122c4442161', 'cz5kDI74TLGvKe4FEoHEU5:APA91bH7BVaAjkQBMvOkuu4ShW6yBdKHj8BRmWALUT-grrhsMDCM-O9bwkWkYCN69cBnZ4Sr-Zm1sskiBqj8bLtWIAoioWY4-tpc_nTgbyscl1GxI75dMxgAAHHTuyUNGUtJFmuaKVBD'),
('20774759d4b61402443c6691f94c3610', '2023-03-19 11:29:46', 4, '2e057d4b1f9dda8b492d84d80c7fa3d5', 'android', 'waiting', 'selfshifted', '51796040352f8d6bb6fcd339d5268d0e', NULL),
('2114c131e9c6a544f8463640e56bf293', '2023-02-23 16:59:23', 7, 'c6525e3f8694e092d12ec0f2fa660112', 'web', 'checkedin', 'issued', 'b6aa9e947020ac2cf87d3bc7014e7ca2', NULL),
('2149a0537107ce681cf96b1deecf8a2a', '2023-04-05 14:41:42', 6, '0f8d997426a31cb02206c727046822c0', 'android', 'waiting', 'selfshifted', 'c47d4af7c322d1ac067770c1ae1bb12c', 'cz5kDI74TLGvKe4FEoHEU5:APA91bH7BVaAjkQBMvOkuu4ShW6yBdKHj8BRmWALUT-grrhsMDCM-O9bwkWkYCN69cBnZ4Sr-Zm1sskiBqj8bLtWIAoioWY4-tpc_nTgbyscl1GxI75dMxgAAHHTuyUNGUtJFmuaKVBD'),
('2195b592bd06152043080397481da5a6', '2023-03-26 09:53:18', 1, '2e057d4b1f9dda8b492d84d80c7fa3d5', 'android', 'waiting', 'issued', 'dfd0dddd16ac5251f1dcda6ac84e3d9a', NULL),
('232239ca42896cb3c7ba3d9209e67458', '2023-03-21 07:20:33', 3, '8c173ff94eb34b388b87d52ba4f8cd77', 'android', 'next', 'issued', 'b6aa9e947020ac2cf87d3bc7014e7ca2', NULL),
('23d836bf23f925f32388c357298c85cc', '2023-02-23 17:14:51', 10, '8c173ff94eb34b388b87d52ba4f8cd77', 'web', 'waiting', 'selfshifted', 'b6aa9e947020ac2cf87d3bc7014e7ca2', NULL),
('24fbe3e378b2ee65023d03c82af58b79', '2023-05-17 08:07:26', 2, 'c5864fe5997e062a86de8738aaffa32d', 'android', 'checkedin', 'issued', 'a079e4c4064996ae1228347c54fa95f5', 'c1YJbJG1TJWcPMoOIM8gXg:APA91bFgTD3gAhTTgCyEN35YIwB3nERsTxYYv2ZFvHUdEA894IxX-UI6n5mkc7g6oiODHU2cKE5Za4mC_UPi_kkO-jy3SjPdiGHZWRa8pkFz7WLtkG9UQVzWbod0dmktnPWXHPbZ4LuR'),
('258125b122bb01de966a5c71a8f6c46b', '2023-03-19 11:11:21', 6, '025ca3368c924c13576010e25433293c', 'android', 'waiting', 'selfshifted', 'a079e4c4064996ae1228347c54fa95f5', NULL),
('26aed4b9655bcc9e2440aaa7b5dc0522', '2023-03-08 16:12:11', 8, 'da342d15c1fe7235b3521766966b3c82', 'web', 'waiting', 'issued', 'a079e4c4064996ae1228347c54fa95f5', NULL),
('270cf40e92ff12546ed0dddf227656c2', '2023-03-05 09:42:48', 5, 'da342d15c1fe7235b3521766966b3c82', 'web', 'waiting', 'issued', '1bb4a414c34067e751ba5390c6048423', NULL),
('29068ff2691292f09c9fd22b4a473bb3', '2023-01-31 20:08:35', 10, '6c9caf9e7ddf0f693ddeedfbef9b0225', 'web', 'checkedin', 'selfshifted', '1bb4a414c34067e751ba5390c6048423', NULL),
('291bdc315ad0f070eb7d92f070c653d6', '2023-03-05 06:24:45', 1, 'd1d8fdee764df276091ff2c1cd34c1d7', 'web', 'checkedin', 'issued', 'b6aa9e947020ac2cf87d3bc7014e7ca2', NULL),
('292c35969de34b98c101d2dcd1d1db14', '2023-03-31 18:25:31', 4, '0f8d997426a31cb02206c727046822c0', 'android', 'waiting', 'selfshifted', 'b6aa9e947020ac2cf87d3bc7014e7ca2', NULL),
('294808a9e9c6b723513701fca36056fc', '2023-03-31 13:59:46', 1, '0f8d997426a31cb02206c727046822c0', 'android', 'waiting', 'issued', '51796040352f8d6bb6fcd339d5268d0e', NULL),
('299001c37f9cb9ecfffa0c9fb813be18', '2023-03-10 18:30:24', 6, 'c6525e3f8694e092d12ec0f2fa660112', 'web', 'waiting', 'issued', '4862f7dda23d3f7c31bb3fe5c236c0c3', NULL),
('29b8c361c8cedc68dc0cfa5ac073c889', '2023-04-23 09:45:04', 4, '025ca3368c924c13576010e25433293c', 'android', 'checkedin', 'issued', '51796040352f8d6bb6fcd339d5268d0e', 'c1YJbJG1TJWcPMoOIM8gXg:APA91bFgTD3gAhTTgCyEN35YIwB3nERsTxYYv2ZFvHUdEA894IxX-UI6n5mkc7g6oiODHU2cKE5Za4mC_UPi_kkO-jy3SjPdiGHZWRa8pkFz7WLtkG9UQVzWbod0dmktnPWXHPbZ4LuR'),
('2b024771775c35d58b2d34304588d334', '2023-04-23 09:25:55', 2, '2e057d4b1f9dda8b492d84d80c7fa3d5', 'android', 'checkedin', 'issued', '2d1d2fe5612537e895042157ce42cf39', 'c1YJbJG1TJWcPMoOIM8gXg:APA91bFgTD3gAhTTgCyEN35YIwB3nERsTxYYv2ZFvHUdEA894IxX-UI6n5mkc7g6oiODHU2cKE5Za4mC_UPi_kkO-jy3SjPdiGHZWRa8pkFz7WLtkG9UQVzWbod0dmktnPWXHPbZ4LuR'),
('2c55f95689aa0ba9e84232503fe69bdf', '2023-04-29 07:54:18', 5, '2e057d4b1f9dda8b492d84d80c7fa3d5', 'android', 'waiting', 'issued', 'b6aa9e947020ac2cf87d3bc7014e7ca2', 'c1YJbJG1TJWcPMoOIM8gXg:APA91bFgTD3gAhTTgCyEN35YIwB3nERsTxYYv2ZFvHUdEA894IxX-UI6n5mkc7g6oiODHU2cKE5Za4mC_UPi_kkO-jy3SjPdiGHZWRa8pkFz7WLtkG9UQVzWbod0dmktnPWXHPbZ4LuR'),
('2c563bed6f18fc81603c2a8c06200eab', '2023-03-05 17:43:40', 8, '025ca3368c924c13576010e25433293c', 'web', 'checkedin', 'issued', 'b6aa9e947020ac2cf87d3bc7014e7ca2', NULL),
('2c8b06fa68ea4284f126f1846c453ffe', '2023-03-26 08:34:46', 4, 'f055068706b1c9a3db655f23bf8a110f', 'android', 'next', 'issued', '2d1d2fe5612537e895042157ce42cf39', NULL),
('2e0a26e0d94c288042248e03f71506ab', '2023-05-13 09:11:26', 1, '0f8d997426a31cb02206c727046822c0', 'android', 'checkedin', 'issued', 'dc3665ec2df86043b6145122c4442161', 'c1YJbJG1TJWcPMoOIM8gXg:APA91bFgTD3gAhTTgCyEN35YIwB3nERsTxYYv2ZFvHUdEA894IxX-UI6n5mkc7g6oiODHU2cKE5Za4mC_UPi_kkO-jy3SjPdiGHZWRa8pkFz7WLtkG9UQVzWbod0dmktnPWXHPbZ4LuR'),
('2e471bb99224d6233768e951af8cface', '2023-02-23 17:21:41', 11, '6c9caf9e7ddf0f693ddeedfbef9b0225', 'web', 'waiting', 'selfshifted', 'b6aa9e947020ac2cf87d3bc7014e7ca2', NULL),
('302e1a59b589499f51280daa2d69a5c5', '2023-04-22 18:06:47', 1, '0f8d997426a31cb02206c727046822c0', 'android', 'checkedin', 'issued', 'b6aa9e947020ac2cf87d3bc7014e7ca2', 'c1YJbJG1TJWcPMoOIM8gXg:APA91bFgTD3gAhTTgCyEN35YIwB3nERsTxYYv2ZFvHUdEA894IxX-UI6n5mkc7g6oiODHU2cKE5Za4mC_UPi_kkO-jy3SjPdiGHZWRa8pkFz7WLtkG9UQVzWbod0dmktnPWXHPbZ4LuR'),
('310d74a459856deaf85d06f6bd8c7857', '2023-04-23 05:56:45', 1, 'f055068706b1c9a3db655f23bf8a110f', 'android', 'checkedin', 'issued', '31c80189aae9f0949c6a96af5b334490', 'c1YJbJG1TJWcPMoOIM8gXg:APA91bFgTD3gAhTTgCyEN35YIwB3nERsTxYYv2ZFvHUdEA894IxX-UI6n5mkc7g6oiODHU2cKE5Za4mC_UPi_kkO-jy3SjPdiGHZWRa8pkFz7WLtkG9UQVzWbod0dmktnPWXHPbZ4LuR'),
('314fa07bfffd70ed2d95c178836a13f8', '2023-03-10 18:30:24', 3, 'f055068706b1c9a3db655f23bf8a110f', 'web', 'checkedin', 'issued', '4862f7dda23d3f7c31bb3fe5c236c0c3', NULL),
('31e4e4aa1fbc6ac3bc8c7861090f1715', '2023-05-13 14:55:55', 3, '6c9caf9e7ddf0f693ddeedfbef9b0225', 'android', 'waiting', 'issued', '51796040352f8d6bb6fcd339d5268d0e', 'c1YJbJG1TJWcPMoOIM8gXg:APA91bFgTD3gAhTTgCyEN35YIwB3nERsTxYYv2ZFvHUdEA894IxX-UI6n5mkc7g6oiODHU2cKE5Za4mC_UPi_kkO-jy3SjPdiGHZWRa8pkFz7WLtkG9UQVzWbod0dmktnPWXHPbZ4LuR'),
('31fe622ad62f0adc1de9bd6dcf1697d0', '2023-04-23 06:00:32', 5, '0f8d997426a31cb02206c727046822c0', 'android', 'waiting', 'selfshifted', '31c80189aae9f0949c6a96af5b334490', 'c1YJbJG1TJWcPMoOIM8gXg:APA91bFgTD3gAhTTgCyEN35YIwB3nERsTxYYv2ZFvHUdEA894IxX-UI6n5mkc7g6oiODHU2cKE5Za4mC_UPi_kkO-jy3SjPdiGHZWRa8pkFz7WLtkG9UQVzWbod0dmktnPWXHPbZ4LuR'),
('3322d0775c84234bd9e1b20bd699b9ca', '2023-04-04 20:24:47', 4, '8c173ff94eb34b388b87d52ba4f8cd77', 'android', 'waiting', 'issued', '2d1d2fe5612537e895042157ce42cf39', NULL),
('348e4f1bd96935bb3d96d68191e47c97', '2023-03-31 18:41:41', 3, '8c173ff94eb34b388b87d52ba4f8cd77', 'android', 'waiting', 'issued', 'dfa9072972a96119459915864bcdc2a2', NULL),
('34d14f1a8461e77d5bf0c1d53af39f7e', '2023-01-30 19:56:44', 5, '0f8d997426a31cb02206c727046822c0', 'web', 'checkedin', 'issued', '1bb4a414c34067e751ba5390c6048423', NULL),
('35227b284ac92c5dbddb17cf099658a2', '2023-04-05 13:25:18', 1, '6c9caf9e7ddf0f693ddeedfbef9b0225', 'android', 'checkedin', 'issued', 'dc3665ec2df86043b6145122c4442161', 'cz5kDI74TLGvKe4FEoHEU5:APA91bH7BVaAjkQBMvOkuu4ShW6yBdKHj8BRmWALUT-grrhsMDCM-O9bwkWkYCN69cBnZ4Sr-Zm1sskiBqj8bLtWIAoioWY4-tpc_nTgbyscl1GxI75dMxgAAHHTuyUNGUtJFmuaKVBD'),
('356aa20465066338ff9bf11061f54192', '2023-05-17 13:18:36', 1, '0f8d997426a31cb02206c727046822c0', 'android', 'checkedin', 'issued', 'c47d4af7c322d1ac067770c1ae1bb12c', 'c1YJbJG1TJWcPMoOIM8gXg:APA91bFgTD3gAhTTgCyEN35YIwB3nERsTxYYv2ZFvHUdEA894IxX-UI6n5mkc7g6oiODHU2cKE5Za4mC_UPi_kkO-jy3SjPdiGHZWRa8pkFz7WLtkG9UQVzWbod0dmktnPWXHPbZ4LuR'),
('35eeb4d0cb53ff76172afe5d6e9182ba', '2023-05-18 17:33:54', 7, 'qid:cd5f85231055cf2855e01fca9597c164', 'android', 'waiting', 'issued', 'b6aa9e947020ac2cf87d3bc7014e7ca2', 'c1YJbJG1TJWcPMoOIM8gXg:APA91bFgTD3gAhTTgCyEN35YIwB3nERsTxYYv2ZFvHUdEA894IxX-UI6n5mkc7g6oiODHU2cKE5Za4mC_UPi_kkO-jy3SjPdiGHZWRa8pkFz7WLtkG9UQVzWbod0dmktnPWXHPbZ4LuR'),
('3609d055cab55cbb988c908270227bda', '2023-03-06 16:33:23', 1, 'f055068706b1c9a3db655f23bf8a110f', 'web', 'checkedin', 'issued', 'b6aa9e947020ac2cf87d3bc7014e7ca2', NULL),
('36e1e7f4cf159f06bc4e219de81dd5a1', '2023-04-01 13:20:35', 3, '0f8d997426a31cb02206c727046822c0', 'android', 'waiting', 'selfshifted', 'dfd0dddd16ac5251f1dcda6ac84e3d9a', NULL),
('36fc85d03921dffaa20b986c30b9beeb', '2023-03-05 17:43:40', 9, 'c6525e3f8694e092d12ec0f2fa660112', 'web', 'checkedin', 'issued', 'b6aa9e947020ac2cf87d3bc7014e7ca2', NULL),
('374d3b029c4be803235b25eab9c07a86', '2023-04-06 05:10:19', 1, '0f8d997426a31cb02206c727046822c0', 'android', 'checkedin', 'issued', 'dfa9072972a96119459915864bcdc2a2', 'cz5kDI74TLGvKe4FEoHEU5:APA91bH7BVaAjkQBMvOkuu4ShW6yBdKHj8BRmWALUT-grrhsMDCM-O9bwkWkYCN69cBnZ4Sr-Zm1sskiBqj8bLtWIAoioWY4-tpc_nTgbyscl1GxI75dMxgAAHHTuyUNGUtJFmuaKVBD'),
('3784d30fd094e1258c18f9c65fd5809c', '2023-03-22 17:44:35', 2, 'f055068706b1c9a3db655f23bf8a110f', 'android', 'next', 'issued', '51796040352f8d6bb6fcd339d5268d0e', NULL),
('3820a01cc68103271745467e5a25e020', '2023-03-08 18:28:24', 6, 'd1d8fdee764df276091ff2c1cd34c1d7', 'web', 'checkedin', 'issued', '1bb4a414c34067e751ba5390c6048423', NULL),
('38927ca58f70c25e4343dc03e668706f', '2023-03-24 06:14:25', 5, 'f055068706b1c9a3db655f23bf8a110f', 'android', 'next', 'issued', '51796040352f8d6bb6fcd339d5268d0e', NULL),
('3a474b1eb9a88da35f928c3508170564', '2023-03-26 09:53:22', 2, '2e057d4b1f9dda8b492d84d80c7fa3d5', 'android', 'waiting', 'issued', '31c80189aae9f0949c6a96af5b334490', NULL),
('3a78e65453eef79c17540db7b6a363de', '2023-04-02 14:44:21', 5, '57b48fdd7780213389fed584045de300', 'android', 'waiting', 'issued', 'c47d4af7c322d1ac067770c1ae1bb12c', NULL),
('3b78d4856c3b028ab86acab06ee9b35c', '2023-03-05 09:42:48', 3, '025ca3368c924c13576010e25433293c', 'web', 'waiting', 'issued', '1bb4a414c34067e751ba5390c6048423', NULL),
('3c3fdc6d36e552574683e17c53c8523d', '2023-03-19 11:20:11', 2, '0f8d997426a31cb02206c727046822c0', 'android', 'waiting', 'selfshifted', '2d1d2fe5612537e895042157ce42cf39', NULL),
('3c54f9a89f2385e3ca68b9247cb71e74', '2023-03-31 04:31:42', 3, 'f055068706b1c9a3db655f23bf8a110f', 'android', 'waiting', 'selfshifted', 'b6aa9e947020ac2cf87d3bc7014e7ca2', NULL),
('3d8a1cb7d8b8a284dc8c611d32be7ec3', '2023-03-05 06:24:45', 3, '2e057d4b1f9dda8b492d84d80c7fa3d5', 'web', 'checkedin', 'issued', 'b6aa9e947020ac2cf87d3bc7014e7ca2', NULL),
('3d901c06e2297c13a33b703423d7e300', '2023-03-21 07:32:13', 5, '0f8d997426a31cb02206c727046822c0', 'android', 'waiting', 'selfshifted', 'c47d4af7c322d1ac067770c1ae1bb12c', NULL),
('3dd4a57fe92c5cb24ceb929da04dc3ca', '2023-04-22 06:14:01', 2, '025ca3368c924c13576010e25433293c', 'android', 'next', 'issued', 'a079e4c4064996ae1228347c54fa95f5', 'c1YJbJG1TJWcPMoOIM8gXg:APA91bFgTD3gAhTTgCyEN35YIwB3nERsTxYYv2ZFvHUdEA894IxX-UI6n5mkc7g6oiODHU2cKE5Za4mC_UPi_kkO-jy3SjPdiGHZWRa8pkFz7WLtkG9UQVzWbod0dmktnPWXHPbZ4LuR'),
('3dd9d5d7b2d3d63332185263b2fe59b3', '2023-04-23 09:26:15', 3, '025ca3368c924c13576010e25433293c', 'android', 'checkedin', 'issued', '2d1d2fe5612537e895042157ce42cf39', 'c1YJbJG1TJWcPMoOIM8gXg:APA91bFgTD3gAhTTgCyEN35YIwB3nERsTxYYv2ZFvHUdEA894IxX-UI6n5mkc7g6oiODHU2cKE5Za4mC_UPi_kkO-jy3SjPdiGHZWRa8pkFz7WLtkG9UQVzWbod0dmktnPWXHPbZ4LuR'),
('3e635b533cbf5797dd42e01680e4a616', '2023-03-16 11:31:10', 1, '0f8d997426a31cb02206c727046822c0', 'android', 'waiting', 'issued', 'a079e4c4064996ae1228347c54fa95f5', NULL),
('3e6ec78f40aee76c9bb7c5a12f8db406', '2023-03-21 08:18:37', 6, '0f8d997426a31cb02206c727046822c0', 'android', 'waiting', 'selfshifted', 'b6aa9e947020ac2cf87d3bc7014e7ca2', NULL),
('3ecb72ad248d5e9ba9c8ff62fd658860', '2023-03-04 18:36:47', 1, 'd1d8fdee764df276091ff2c1cd34c1d7', 'web', 'waiting', 'issued', '1bb4a414c34067e751ba5390c6048423', NULL),
('3f4b2dfccf926589aad535a7adae1a88', '2023-02-23 16:59:23', 5, '2e057d4b1f9dda8b492d84d80c7fa3d5', 'web', 'checkedin', 'issued', 'b6aa9e947020ac2cf87d3bc7014e7ca2', NULL),
('3fe72ffe22df600fa930fedda3d381b3', '2023-03-10 18:30:24', 8, 'd1d8fdee764df276091ff2c1cd34c1d7', 'web', 'waiting', 'issued', '4862f7dda23d3f7c31bb3fe5c236c0c3', NULL),
('40f71de87265e457c8365fab6f4190c5', '2023-04-02 10:22:51', 1, '9b404d96b54d2c9e765cae166239b1f5', 'android', 'waiting', 'issued', 'b6aa9e947020ac2cf87d3bc7014e7ca2', NULL),
('411f519a89c39a0bfb503bd69b1fc6ee', '2023-03-22 17:45:13', 4, '025ca3368c924c13576010e25433293c', 'android', 'next', 'selfshifted', '51796040352f8d6bb6fcd339d5268d0e', NULL),
('41eb3c96cbb0d8618eb3712c9190cb96', '2023-03-10 19:06:09', 9, '0f8d997426a31cb02206c727046822c0', 'web', 'waiting', 'selfshifted', '4862f7dda23d3f7c31bb3fe5c236c0c3', NULL),
('41f5c3e3029e44f55318e17c3d7bc19a', '2023-04-21 04:37:11', 6, '2e057d4b1f9dda8b492d84d80c7fa3d5', 'android', 'waiting', 'selfshifted', 'c47d4af7c322d1ac067770c1ae1bb12c', 'c1YJbJG1TJWcPMoOIM8gXg:APA91bFgTD3gAhTTgCyEN35YIwB3nERsTxYYv2ZFvHUdEA894IxX-UI6n5mkc7g6oiODHU2cKE5Za4mC_UPi_kkO-jy3SjPdiGHZWRa8pkFz7WLtkG9UQVzWbod0dmktnPWXHPbZ4LuR'),
('42b5172e6ca4a528ac6c5a4cc33dd0ce', '2023-05-13 15:29:19', 3, '025ca3368c924c13576010e25433293c', 'android', 'checkedin', 'issued', 'dfa9072972a96119459915864bcdc2a2', 'c1YJbJG1TJWcPMoOIM8gXg:APA91bFgTD3gAhTTgCyEN35YIwB3nERsTxYYv2ZFvHUdEA894IxX-UI6n5mkc7g6oiODHU2cKE5Za4mC_UPi_kkO-jy3SjPdiGHZWRa8pkFz7WLtkG9UQVzWbod0dmktnPWXHPbZ4LuR'),
('42ce7ac50323493288337abf916cfcb4', '2023-03-05 06:24:45', 2, '0f8d997426a31cb02206c727046822c0', 'web', 'checkedin', 'issued', 'b6aa9e947020ac2cf87d3bc7014e7ca2', NULL),
('42eff45384e19a48b216c2bd9753f078', '2023-03-22 16:42:50', 3, '0f8d997426a31cb02206c727046822c0', 'android', 'waiting', 'issued', 'b6aa9e947020ac2cf87d3bc7014e7ca2', NULL),
('43245afd26d0d296daf04b7e7a2db671', '2023-01-31 20:08:30', 6, '025ca3368c924c13576010e25433293c', 'web', 'checkedin', 'issued', '1bb4a414c34067e751ba5390c6048423', NULL),
('434fedf48506a6c08252412b19bfd49e', '2023-04-06 05:02:33', 6, 'd1d8fdee764df276091ff2c1cd34c1d7', 'android', 'checkedin', 'issued', 'b6aa9e947020ac2cf87d3bc7014e7ca2', 'cz5kDI74TLGvKe4FEoHEU5:APA91bH7BVaAjkQBMvOkuu4ShW6yBdKHj8BRmWALUT-grrhsMDCM-O9bwkWkYCN69cBnZ4Sr-Zm1sskiBqj8bLtWIAoioWY4-tpc_nTgbyscl1GxI75dMxgAAHHTuyUNGUtJFmuaKVBD'),
('4356de3532f3c89a74d6c73f346cacc0', '2023-04-23 05:14:37', 5, '025ca3368c924c13576010e25433293c', 'android', 'checkedin', 'selfshifted', 'c47d4af7c322d1ac067770c1ae1bb12c', 'c1YJbJG1TJWcPMoOIM8gXg:APA91bFgTD3gAhTTgCyEN35YIwB3nERsTxYYv2ZFvHUdEA894IxX-UI6n5mkc7g6oiODHU2cKE5Za4mC_UPi_kkO-jy3SjPdiGHZWRa8pkFz7WLtkG9UQVzWbod0dmktnPWXHPbZ4LuR'),
('437d8b53e55113e5c7dbaa57b577e576', '2023-03-08 16:12:11', 5, '2e057d4b1f9dda8b492d84d80c7fa3d5', 'web', 'waiting', 'issued', 'a079e4c4064996ae1228347c54fa95f5', NULL),
('43aad1e9ce08582765a6912cfb4bcbef', '2023-03-21 07:30:41', 3, 'f055068706b1c9a3db655f23bf8a110f', 'android', 'waiting', 'issued', 'c47d4af7c322d1ac067770c1ae1bb12c', NULL),
('44723c2d679a458550b00d354aafcd28', '2023-05-13 15:28:43', 1, '0f8d997426a31cb02206c727046822c0', 'android', 'checkedin', 'issued', 'dfa9072972a96119459915864bcdc2a2', 'c1YJbJG1TJWcPMoOIM8gXg:APA91bFgTD3gAhTTgCyEN35YIwB3nERsTxYYv2ZFvHUdEA894IxX-UI6n5mkc7g6oiODHU2cKE5Za4mC_UPi_kkO-jy3SjPdiGHZWRa8pkFz7WLtkG9UQVzWbod0dmktnPWXHPbZ4LuR'),
('4500f363bd5fc55e85f86c7e84fbdd59', '2023-04-21 05:48:44', 1, '0f8d997426a31cb02206c727046822c0', 'android', 'waiting', 'issued', '2d1d2fe5612537e895042157ce42cf39', 'c1YJbJG1TJWcPMoOIM8gXg:APA91bFgTD3gAhTTgCyEN35YIwB3nERsTxYYv2ZFvHUdEA894IxX-UI6n5mkc7g6oiODHU2cKE5Za4mC_UPi_kkO-jy3SjPdiGHZWRa8pkFz7WLtkG9UQVzWbod0dmktnPWXHPbZ4LuR'),
('450dbc3cce88f1fedcd86462e5fddd52', '2023-05-04 13:11:50', 1, '2e057d4b1f9dda8b492d84d80c7fa3d5', 'android', 'next', 'issued', 'b6aa9e947020ac2cf87d3bc7014e7ca2', 'c1YJbJG1TJWcPMoOIM8gXg:APA91bFgTD3gAhTTgCyEN35YIwB3nERsTxYYv2ZFvHUdEA894IxX-UI6n5mkc7g6oiODHU2cKE5Za4mC_UPi_kkO-jy3SjPdiGHZWRa8pkFz7WLtkG9UQVzWbod0dmktnPWXHPbZ4LuR'),
('47190fc8e55689ef63e63bdbf37106d1', '2023-05-13 09:25:11', 3, 'da342d15c1fe7235b3521766966b3c82', 'android', 'checkedin', 'issued', 'c47d4af7c322d1ac067770c1ae1bb12c', 'c1YJbJG1TJWcPMoOIM8gXg:APA91bFgTD3gAhTTgCyEN35YIwB3nERsTxYYv2ZFvHUdEA894IxX-UI6n5mkc7g6oiODHU2cKE5Za4mC_UPi_kkO-jy3SjPdiGHZWRa8pkFz7WLtkG9UQVzWbod0dmktnPWXHPbZ4LuR'),
('47884c02fe96c3fa3de3dc843a17f97b', '2023-05-14 14:34:45', 1, '0f8d997426a31cb02206c727046822c0', 'android', 'checkedin', 'issued', 'b6aa9e947020ac2cf87d3bc7014e7ca2', 'c1YJbJG1TJWcPMoOIM8gXg:APA91bFgTD3gAhTTgCyEN35YIwB3nERsTxYYv2ZFvHUdEA894IxX-UI6n5mkc7g6oiODHU2cKE5Za4mC_UPi_kkO-jy3SjPdiGHZWRa8pkFz7WLtkG9UQVzWbod0dmktnPWXHPbZ4LuR'),
('49dcc17bc71d940c661a90ca38e846b8', '2023-04-05 13:23:06', 2, 'd1d8fdee764df276091ff2c1cd34c1d7', 'android', 'checkedin', 'issued', 'dc3665ec2df86043b6145122c4442161', 'cz5kDI74TLGvKe4FEoHEU5:APA91bH7BVaAjkQBMvOkuu4ShW6yBdKHj8BRmWALUT-grrhsMDCM-O9bwkWkYCN69cBnZ4Sr-Zm1sskiBqj8bLtWIAoioWY4-tpc_nTgbyscl1GxI75dMxgAAHHTuyUNGUtJFmuaKVBD'),
('4a61cf0f1ce046cb7b64dda3818db815', '2023-03-21 07:30:20', 2, '8c173ff94eb34b388b87d52ba4f8cd77', 'android', 'checkedin', 'issued', 'c47d4af7c322d1ac067770c1ae1bb12c', NULL),
('4a7d63a3736a27955e4166a01d047ea7', '2023-05-11 17:53:56', 2, '2e057d4b1f9dda8b492d84d80c7fa3d5', 'android', 'checkedin', 'issued', 'b6aa9e947020ac2cf87d3bc7014e7ca2', 'c1YJbJG1TJWcPMoOIM8gXg:APA91bFgTD3gAhTTgCyEN35YIwB3nERsTxYYv2ZFvHUdEA894IxX-UI6n5mkc7g6oiODHU2cKE5Za4mC_UPi_kkO-jy3SjPdiGHZWRa8pkFz7WLtkG9UQVzWbod0dmktnPWXHPbZ4LuR'),
('4abea3e65ad4f48312883877e383d9c5', '2023-03-08 18:49:20', 8, '0f8d997426a31cb02206c727046822c0', 'web', 'checkedin', 'selfshifted', '1bb4a414c34067e751ba5390c6048423', NULL),
('4b1c38cdbf6d8b7158f60c74e212be8c', '2023-05-14 14:37:56', 3, '025ca3368c924c13576010e25433293c', 'android', 'checkedin', 'issued', 'b6aa9e947020ac2cf87d3bc7014e7ca2', 'c1YJbJG1TJWcPMoOIM8gXg:APA91bFgTD3gAhTTgCyEN35YIwB3nERsTxYYv2ZFvHUdEA894IxX-UI6n5mkc7g6oiODHU2cKE5Za4mC_UPi_kkO-jy3SjPdiGHZWRa8pkFz7WLtkG9UQVzWbod0dmktnPWXHPbZ4LuR'),
('4b2ff8da711f279ff00a341b276bc75c', '2023-04-03 09:44:10', 2, '0f8d997426a31cb02206c727046822c0', 'android', 'waiting', 'selfshifted', 'b6aa9e947020ac2cf87d3bc7014e7ca2', NULL),
('4bd0dbca7120357afaa3e419ced78921', '2023-03-08 19:16:57', 12, '6c9caf9e7ddf0f693ddeedfbef9b0225', 'web', 'checkedin', 'selfshifted', '1bb4a414c34067e751ba5390c6048423', NULL),
('4c4d86739e139220d6c0e486331b4cfd', '2023-01-31 20:09:57', 13, '0f8d997426a31cb02206c727046822c0', 'web', 'checkedin', 'selfshifted', '1bb4a414c34067e751ba5390c6048423', NULL),
('4c8f682e478c610dfb439cda69647522', '2023-03-31 04:24:14', 1, '0f8d997426a31cb02206c727046822c0', 'android', 'checkedin', 'issued', 'dfa9072972a96119459915864bcdc2a2', NULL),
('4d22fc4d8f1df7d31bb40737f9579e5c', '2023-04-30 08:07:55', 2, '2e057d4b1f9dda8b492d84d80c7fa3d5', 'android', 'checkedin', 'issued', '2d1d2fe5612537e895042157ce42cf39', 'c1YJbJG1TJWcPMoOIM8gXg:APA91bFgTD3gAhTTgCyEN35YIwB3nERsTxYYv2ZFvHUdEA894IxX-UI6n5mkc7g6oiODHU2cKE5Za4mC_UPi_kkO-jy3SjPdiGHZWRa8pkFz7WLtkG9UQVzWbod0dmktnPWXHPbZ4LuR'),
('4dae213cfc000f26ff50323cbea6e7ee', '2023-05-18 17:59:40', 2, 'c5864fe5997e062a86de8738aaffa32d', 'android', 'waiting', 'issued', 'c1c8b7cd302adc78393bdadda425f25e', 'c1YJbJG1TJWcPMoOIM8gXg:APA91bFgTD3gAhTTgCyEN35YIwB3nERsTxYYv2ZFvHUdEA894IxX-UI6n5mkc7g6oiODHU2cKE5Za4mC_UPi_kkO-jy3SjPdiGHZWRa8pkFz7WLtkG9UQVzWbod0dmktnPWXHPbZ4LuR'),
('4e0967815c166484c1c8f90a5d16560f', '2023-04-04 10:37:58', 5, '6c9caf9e7ddf0f693ddeedfbef9b0225', 'android', 'next', 'issued', 'b6aa9e947020ac2cf87d3bc7014e7ca2', NULL),
('4e2e28a66c8ada86a0a4bda2d647ad35', '2023-03-21 14:12:34', 2, '0f8d997426a31cb02206c727046822c0', 'android', 'checkedin', 'selfshifted', 'a079e4c4064996ae1228347c54fa95f5', NULL),
('501fad9264be05d653bd38addcaca826', '2023-03-26 09:51:56', 1, 'f055068706b1c9a3db655f23bf8a110f', 'android', 'waiting', 'issued', '31c80189aae9f0949c6a96af5b334490', NULL),
('51b00e38628eb3abc309f68679cdc58b', '2023-05-13 08:57:08', 2, '025ca3368c924c13576010e25433293c', 'android', 'checkedin', 'issued', '2d1d2fe5612537e895042157ce42cf39', 'c1YJbJG1TJWcPMoOIM8gXg:APA91bFgTD3gAhTTgCyEN35YIwB3nERsTxYYv2ZFvHUdEA894IxX-UI6n5mkc7g6oiODHU2cKE5Za4mC_UPi_kkO-jy3SjPdiGHZWRa8pkFz7WLtkG9UQVzWbod0dmktnPWXHPbZ4LuR'),
('521a51a86a5f0f41a339badc357fda16', '2023-04-04 10:37:26', 3, '8c173ff94eb34b388b87d52ba4f8cd77', 'android', 'next', 'issued', 'b6aa9e947020ac2cf87d3bc7014e7ca2', NULL),
('528141ade0cb03e4fb2223913e483ef5', '2023-05-16 15:37:04', 1, '0f8d997426a31cb02206c727046822c0', 'android', 'waiting', 'issued', 'b6aa9e947020ac2cf87d3bc7014e7ca2', 'c1YJbJG1TJWcPMoOIM8gXg:APA91bFgTD3gAhTTgCyEN35YIwB3nERsTxYYv2ZFvHUdEA894IxX-UI6n5mkc7g6oiODHU2cKE5Za4mC_UPi_kkO-jy3SjPdiGHZWRa8pkFz7WLtkG9UQVzWbod0dmktnPWXHPbZ4LuR'),
('52b4e0df299fb1842b5c473e7037cae1', '2023-03-19 11:29:25', 4, '2e057d4b1f9dda8b492d84d80c7fa3d5', 'android', 'waiting', 'selfshifted', '2d1d2fe5612537e895042157ce42cf39', NULL),
('52ba4ec22c4a437fc977a175e769625b', '2023-03-08 18:28:24', 5, 'da342d15c1fe7235b3521766966b3c82', 'web', 'checkedin', 'issued', '1bb4a414c34067e751ba5390c6048423', NULL),
('52c1f258e2ce791c54c83762a5047b7a', '2023-03-05 18:42:51', 8, '6c9caf9e7ddf0f693ddeedfbef9b0225', 'web', 'checkedin', 'selfshifted', 'b6aa9e947020ac2cf87d3bc7014e7ca2', NULL),
('53cb9c2fcbb166a04a575ccdae4fec43', '2023-03-08 18:28:24', 4, 'c6525e3f8694e092d12ec0f2fa660112', 'web', 'checkedin', 'issued', '1bb4a414c34067e751ba5390c6048423', NULL),
('53cc7b32e309837ba5f4d883880006bc', '2023-04-21 04:37:01', 5, '025ca3368c924c13576010e25433293c', 'android', 'waiting', 'selfshifted', 'c47d4af7c322d1ac067770c1ae1bb12c', 'c1YJbJG1TJWcPMoOIM8gXg:APA91bFgTD3gAhTTgCyEN35YIwB3nERsTxYYv2ZFvHUdEA894IxX-UI6n5mkc7g6oiODHU2cKE5Za4mC_UPi_kkO-jy3SjPdiGHZWRa8pkFz7WLtkG9UQVzWbod0dmktnPWXHPbZ4LuR'),
('54049388f0216467784e85b7600cb219', '2023-03-17 06:06:28', 4, 'f055068706b1c9a3db655f23bf8a110f', 'android', 'waiting', 'issued', 'b6aa9e947020ac2cf87d3bc7014e7ca2', NULL),
('5493d81df749722c6990acc69c6ce065', '2023-05-18 16:45:26', 6, '0f8d997426a31cb02206c727046822c0', 'android', 'waiting', 'selfshifted', 'b6aa9e947020ac2cf87d3bc7014e7ca2', 'c1YJbJG1TJWcPMoOIM8gXg:APA91bFgTD3gAhTTgCyEN35YIwB3nERsTxYYv2ZFvHUdEA894IxX-UI6n5mkc7g6oiODHU2cKE5Za4mC_UPi_kkO-jy3SjPdiGHZWRa8pkFz7WLtkG9UQVzWbod0dmktnPWXHPbZ4LuR'),
('549d04bc223c0cb6c243a0e0828d4e7b', '2023-05-11 17:54:02', 3, '025ca3368c924c13576010e25433293c', 'android', 'checkedin', 'issued', 'b6aa9e947020ac2cf87d3bc7014e7ca2', 'c1YJbJG1TJWcPMoOIM8gXg:APA91bFgTD3gAhTTgCyEN35YIwB3nERsTxYYv2ZFvHUdEA894IxX-UI6n5mkc7g6oiODHU2cKE5Za4mC_UPi_kkO-jy3SjPdiGHZWRa8pkFz7WLtkG9UQVzWbod0dmktnPWXHPbZ4LuR'),
('54de972a2ab3fc9f29e493f019a4255d', '2023-04-21 04:30:58', 4, '2e057d4b1f9dda8b492d84d80c7fa3d5', 'android', 'checkedin', 'issued', 'b6aa9e947020ac2cf87d3bc7014e7ca2', 'c1YJbJG1TJWcPMoOIM8gXg:APA91bFgTD3gAhTTgCyEN35YIwB3nERsTxYYv2ZFvHUdEA894IxX-UI6n5mkc7g6oiODHU2cKE5Za4mC_UPi_kkO-jy3SjPdiGHZWRa8pkFz7WLtkG9UQVzWbod0dmktnPWXHPbZ4LuR'),
('5563cc07d27635f277932c26b59056cc', '2023-04-15 04:19:12', 6, 'f055068706b1c9a3db655f23bf8a110f', 'android', 'waiting', 'selfshifted', 'c1c8b7cd302adc78393bdadda425f25e', 'c1YJbJG1TJWcPMoOIM8gXg:APA91bFgTD3gAhTTgCyEN35YIwB3nERsTxYYv2ZFvHUdEA894IxX-UI6n5mkc7g6oiODHU2cKE5Za4mC_UPi_kkO-jy3SjPdiGHZWRa8pkFz7WLtkG9UQVzWbod0dmktnPWXHPbZ4LuR'),
('5564ac509bcabcc06d81087de04b9eff', '2023-04-06 05:02:56', 8, '6c9caf9e7ddf0f693ddeedfbef9b0225', 'android', 'next', 'issued', 'b6aa9e947020ac2cf87d3bc7014e7ca2', 'cz5kDI74TLGvKe4FEoHEU5:APA91bH7BVaAjkQBMvOkuu4ShW6yBdKHj8BRmWALUT-grrhsMDCM-O9bwkWkYCN69cBnZ4Sr-Zm1sskiBqj8bLtWIAoioWY4-tpc_nTgbyscl1GxI75dMxgAAHHTuyUNGUtJFmuaKVBD'),
('55c2ec150be6b3026597b40c490f64b7', '2023-04-29 07:54:01', 4, 'ee14317ea5b0032be87c6568eefc671c', 'android', 'next', 'issued', 'b6aa9e947020ac2cf87d3bc7014e7ca2', 'c1YJbJG1TJWcPMoOIM8gXg:APA91bFgTD3gAhTTgCyEN35YIwB3nERsTxYYv2ZFvHUdEA894IxX-UI6n5mkc7g6oiODHU2cKE5Za4mC_UPi_kkO-jy3SjPdiGHZWRa8pkFz7WLtkG9UQVzWbod0dmktnPWXHPbZ4LuR'),
('561bf8e1dbe1c714e5c8bfa899ae2038', '2023-04-17 04:22:55', 2, '0f8d997426a31cb02206c727046822c0', 'android', 'waiting', 'selfshifted', 'c47d4af7c322d1ac067770c1ae1bb12c', 'c1YJbJG1TJWcPMoOIM8gXg:APA91bFgTD3gAhTTgCyEN35YIwB3nERsTxYYv2ZFvHUdEA894IxX-UI6n5mkc7g6oiODHU2cKE5Za4mC_UPi_kkO-jy3SjPdiGHZWRa8pkFz7WLtkG9UQVzWbod0dmktnPWXHPbZ4LuR'),
('56962a1f9a2ea84c80fb01d7a4281022', '2023-04-09 16:38:09', 1, '0f8d997426a31cb02206c727046822c0', 'android', 'waiting', 'issued', 'c47d4af7c322d1ac067770c1ae1bb12c', 'cz5kDI74TLGvKe4FEoHEU5:APA91bH7BVaAjkQBMvOkuu4ShW6yBdKHj8BRmWALUT-grrhsMDCM-O9bwkWkYCN69cBnZ4Sr-Zm1sskiBqj8bLtWIAoioWY4-tpc_nTgbyscl1GxI75dMxgAAHHTuyUNGUtJFmuaKVBD'),
('5728b22cd2330d9ebdd31660ba54cac9', '2023-05-17 08:06:42', 1, '0f8d997426a31cb02206c727046822c0', 'android', 'checkedin', 'issued', 'a079e4c4064996ae1228347c54fa95f5', 'c1YJbJG1TJWcPMoOIM8gXg:APA91bFgTD3gAhTTgCyEN35YIwB3nERsTxYYv2ZFvHUdEA894IxX-UI6n5mkc7g6oiODHU2cKE5Za4mC_UPi_kkO-jy3SjPdiGHZWRa8pkFz7WLtkG9UQVzWbod0dmktnPWXHPbZ4LuR'),
('573d21a2d666d974ca897cdcd325f554', '2023-03-04 18:17:40', 3, '2e057d4b1f9dda8b492d84d80c7fa3d5', 'web', 'waiting', 'issued', 'dfd0dddd16ac5251f1dcda6ac84e3d9a', NULL),
('57f6274bd913422190e053aabca44600', '2023-01-31 20:08:30', 2, '8c173ff94eb34b388b87d52ba4f8cd77', 'web', 'checkedin', 'issued', '1bb4a414c34067e751ba5390c6048423', NULL),
('5830037a7b5245f2b35967d79365f222', '2023-04-30 08:28:42', 1, '0f8d997426a31cb02206c727046822c0', 'android', 'checkedin', 'issued', 'dc3665ec2df86043b6145122c4442161', 'c1YJbJG1TJWcPMoOIM8gXg:APA91bFgTD3gAhTTgCyEN35YIwB3nERsTxYYv2ZFvHUdEA894IxX-UI6n5mkc7g6oiODHU2cKE5Za4mC_UPi_kkO-jy3SjPdiGHZWRa8pkFz7WLtkG9UQVzWbod0dmktnPWXHPbZ4LuR'),
('58433efb9d87ae8aeeb05fcc9d87c158', '2023-03-05 09:42:48', 10, '2e057d4b1f9dda8b492d84d80c7fa3d5', 'web', 'waiting', 'issued', '1bb4a414c34067e751ba5390c6048423', NULL),
('5860388acfcd00ef4e08f39e8c6546fe', '2023-03-05 09:02:04', 1, '0f8d997426a31cb02206c727046822c0', 'android', 'waiting', 'issued', '31c80189aae9f0949c6a96af5b334490', NULL),
('59cada6baa7e416883c1f05cbf46fa17', '2023-03-21 07:20:55', 4, 'f055068706b1c9a3db655f23bf8a110f', 'android', 'next', 'issued', 'b6aa9e947020ac2cf87d3bc7014e7ca2', NULL),
('5a402a965793511da72e25c9b5ef43c7', '2023-03-19 11:13:59', 2, '0f8d997426a31cb02206c727046822c0', 'android', 'waiting', 'selfshifted', 'c1c8b7cd302adc78393bdadda425f25e', NULL),
('5a7b7c688e5fc7f9b20edfa1bbc0cf77', '2023-04-04 10:04:53', 2, '025ca3368c924c13576010e25433293c', 'android', 'next', 'issued', 'b6aa9e947020ac2cf87d3bc7014e7ca2', NULL),
('5bb63f65c7ede7ff80f31d41f4a96306', '2023-03-21 07:18:53', 1, 'd1d8fdee764df276091ff2c1cd34c1d7', 'android', 'next', 'issued', 'b6aa9e947020ac2cf87d3bc7014e7ca2', NULL),
('5c1f63e2e5469b66c0c402487c686d49', '2023-04-29 07:53:46', 3, '52ae3c6a0b61cc06643d3fe2cd8ad381', 'android', 'next', 'issued', 'b6aa9e947020ac2cf87d3bc7014e7ca2', 'c1YJbJG1TJWcPMoOIM8gXg:APA91bFgTD3gAhTTgCyEN35YIwB3nERsTxYYv2ZFvHUdEA894IxX-UI6n5mkc7g6oiODHU2cKE5Za4mC_UPi_kkO-jy3SjPdiGHZWRa8pkFz7WLtkG9UQVzWbod0dmktnPWXHPbZ4LuR'),
('5dffd3497e1606580bfb6a0623e140d7', '2023-03-24 14:50:21', 2, '2e057d4b1f9dda8b492d84d80c7fa3d5', 'android', 'waiting', 'issued', 'a079e4c4064996ae1228347c54fa95f5', NULL),
('5ef8c703f26808331f3c29b39e1dd628', '2023-02-28 16:53:50', 3, '8c173ff94eb34b388b87d52ba4f8cd77', 'android', 'waiting', 'issued', '0d3b86e354ea9cd3df80043f43611a1a', NULL),
('5f2035290eca5241055dc98f669c1e76', '2023-04-04 13:04:13', 6, '0f8d997426a31cb02206c727046822c0', 'android', 'waiting', 'selfshifted', 'b6aa9e947020ac2cf87d3bc7014e7ca2', NULL),
('5fb22f1cba2bf16f9f76448967ec3122', '2023-05-18 12:46:19', 4, '025ca3368c924c13576010e25433293c', 'android', 'waiting', 'selfshifted', 'b6aa9e947020ac2cf87d3bc7014e7ca2', 'c1YJbJG1TJWcPMoOIM8gXg:APA91bFgTD3gAhTTgCyEN35YIwB3nERsTxYYv2ZFvHUdEA894IxX-UI6n5mkc7g6oiODHU2cKE5Za4mC_UPi_kkO-jy3SjPdiGHZWRa8pkFz7WLtkG9UQVzWbod0dmktnPWXHPbZ4LuR'),
('60f1507e0b61e3a2dfaaf6937c3216d5', '2023-04-30 08:29:46', 2, '2e057d4b1f9dda8b492d84d80c7fa3d5', 'android', 'checkedin', 'issued', '51796040352f8d6bb6fcd339d5268d0e', 'c1YJbJG1TJWcPMoOIM8gXg:APA91bFgTD3gAhTTgCyEN35YIwB3nERsTxYYv2ZFvHUdEA894IxX-UI6n5mkc7g6oiODHU2cKE5Za4mC_UPi_kkO-jy3SjPdiGHZWRa8pkFz7WLtkG9UQVzWbod0dmktnPWXHPbZ4LuR'),
('63202f8006c89fde9fc423b69db26f41', '2023-04-23 05:56:56', 3, '2e057d4b1f9dda8b492d84d80c7fa3d5', 'android', 'checkedin', 'issued', '31c80189aae9f0949c6a96af5b334490', 'c1YJbJG1TJWcPMoOIM8gXg:APA91bFgTD3gAhTTgCyEN35YIwB3nERsTxYYv2ZFvHUdEA894IxX-UI6n5mkc7g6oiODHU2cKE5Za4mC_UPi_kkO-jy3SjPdiGHZWRa8pkFz7WLtkG9UQVzWbod0dmktnPWXHPbZ4LuR'),
('63584a1149b96c79b088db3b43d24a19', '2023-03-08 16:12:11', 6, '025ca3368c924c13576010e25433293c', 'web', 'waiting', 'issued', 'a079e4c4064996ae1228347c54fa95f5', NULL),
('639885b37effcac1ceaaeada43054513', '2023-03-01 15:09:47', 2, '8c173ff94eb34b388b87d52ba4f8cd77', 'android', 'waiting', 'issued', '0d3b86e354ea9cd3df80043f43611a1a', NULL),
('65a07893838b86c9609dfa3b27c559a0', '2023-03-06 16:33:23', 4, 'c6525e3f8694e092d12ec0f2fa660112', 'web', 'waiting', 'issued', 'b6aa9e947020ac2cf87d3bc7014e7ca2', NULL),
('665c452e9a37546b25ab100ebc69c065', '2023-03-08 16:12:10', 2, '6c9caf9e7ddf0f693ddeedfbef9b0225', 'web', 'waiting', 'issued', 'a079e4c4064996ae1228347c54fa95f5', NULL),
('66f8fc5b22d526983d5352b72390dc1b', '2023-04-23 05:14:15', 4, '2e057d4b1f9dda8b492d84d80c7fa3d5', 'android', 'checkedin', 'selfshifted', 'c47d4af7c322d1ac067770c1ae1bb12c', 'c1YJbJG1TJWcPMoOIM8gXg:APA91bFgTD3gAhTTgCyEN35YIwB3nERsTxYYv2ZFvHUdEA894IxX-UI6n5mkc7g6oiODHU2cKE5Za4mC_UPi_kkO-jy3SjPdiGHZWRa8pkFz7WLtkG9UQVzWbod0dmktnPWXHPbZ4LuR'),
('68c6abd14c66985f365ea37e217447c3', '2023-04-30 08:08:03', 3, '025ca3368c924c13576010e25433293c', 'android', 'checkedin', 'issued', '2d1d2fe5612537e895042157ce42cf39', 'c1YJbJG1TJWcPMoOIM8gXg:APA91bFgTD3gAhTTgCyEN35YIwB3nERsTxYYv2ZFvHUdEA894IxX-UI6n5mkc7g6oiODHU2cKE5Za4mC_UPi_kkO-jy3SjPdiGHZWRa8pkFz7WLtkG9UQVzWbod0dmktnPWXHPbZ4LuR'),
('68cb1de4679c553044084903860fe4f8', '2023-04-23 09:45:08', 5, '0f8d997426a31cb02206c727046822c0', 'android', 'checkedin', 'selfshifted', '51796040352f8d6bb6fcd339d5268d0e', 'c1YJbJG1TJWcPMoOIM8gXg:APA91bFgTD3gAhTTgCyEN35YIwB3nERsTxYYv2ZFvHUdEA894IxX-UI6n5mkc7g6oiODHU2cKE5Za4mC_UPi_kkO-jy3SjPdiGHZWRa8pkFz7WLtkG9UQVzWbod0dmktnPWXHPbZ4LuR'),
('68ef5d6415311b0b2ba9e34d4dc23924', '2023-03-08 16:12:11', 4, 'f055068706b1c9a3db655f23bf8a110f', 'web', 'waiting', 'issued', 'a079e4c4064996ae1228347c54fa95f5', NULL),
('68fc69be2aaad30aa24ce71e84fff2ac', '2023-03-05 09:42:48', 8, '6c9caf9e7ddf0f693ddeedfbef9b0225', 'web', 'waiting', 'issued', '1bb4a414c34067e751ba5390c6048423', NULL),
('698cddb0f67898f41bfc1d1fae05d142', '2023-05-14 14:41:26', 5, '0f8d997426a31cb02206c727046822c0', 'android', 'checkedin', 'selfshifted', 'c47d4af7c322d1ac067770c1ae1bb12c', 'c1YJbJG1TJWcPMoOIM8gXg:APA91bFgTD3gAhTTgCyEN35YIwB3nERsTxYYv2ZFvHUdEA894IxX-UI6n5mkc7g6oiODHU2cKE5Za4mC_UPi_kkO-jy3SjPdiGHZWRa8pkFz7WLtkG9UQVzWbod0dmktnPWXHPbZ4LuR'),
('69fbe8521fc674bf0153df0fe1d4ea68', '2023-04-01 13:47:12', 3, '8c173ff94eb34b388b87d52ba4f8cd77', 'android', 'waiting', 'issued', 'a079e4c4064996ae1228347c54fa95f5', NULL),
('6a31511f2c496e6ce415c00bc90b2839', '2023-03-08 19:15:21', 10, '8c173ff94eb34b388b87d52ba4f8cd77', 'web', 'checkedin', 'issued', '1bb4a414c34067e751ba5390c6048423', NULL),
('6a5ae6ec505a51ac6f6495bcd319035f', '2023-04-15 04:17:58', 4, '2e057d4b1f9dda8b492d84d80c7fa3d5', 'android', 'waiting', 'issued', 'c1c8b7cd302adc78393bdadda425f25e', 'c1YJbJG1TJWcPMoOIM8gXg:APA91bFgTD3gAhTTgCyEN35YIwB3nERsTxYYv2ZFvHUdEA894IxX-UI6n5mkc7g6oiODHU2cKE5Za4mC_UPi_kkO-jy3SjPdiGHZWRa8pkFz7WLtkG9UQVzWbod0dmktnPWXHPbZ4LuR'),
('6be844e1b0c9925a6aca8cc06cda5dd4', '2023-04-30 08:28:47', 3, '025ca3368c924c13576010e25433293c', 'android', 'checkedin', 'issued', 'dc3665ec2df86043b6145122c4442161', 'c1YJbJG1TJWcPMoOIM8gXg:APA91bFgTD3gAhTTgCyEN35YIwB3nERsTxYYv2ZFvHUdEA894IxX-UI6n5mkc7g6oiODHU2cKE5Za4mC_UPi_kkO-jy3SjPdiGHZWRa8pkFz7WLtkG9UQVzWbod0dmktnPWXHPbZ4LuR'),
('6cdd3fc1c177215cd1baa5e6a44cfa76', '2023-05-14 14:41:06', 3, '025ca3368c924c13576010e25433293c', 'android', 'checkedin', 'issued', 'c47d4af7c322d1ac067770c1ae1bb12c', 'c1YJbJG1TJWcPMoOIM8gXg:APA91bFgTD3gAhTTgCyEN35YIwB3nERsTxYYv2ZFvHUdEA894IxX-UI6n5mkc7g6oiODHU2cKE5Za4mC_UPi_kkO-jy3SjPdiGHZWRa8pkFz7WLtkG9UQVzWbod0dmktnPWXHPbZ4LuR'),
('6db5bdd69f12e9e8f62180c5ed07841d', '2023-03-18 11:00:42', 2, '8c173ff94eb34b388b87d52ba4f8cd77', 'android', 'waiting', 'issued', 'c47d4af7c322d1ac067770c1ae1bb12c', NULL),
('6debda656a9dd6c5cafaf64cba21e729', '2023-03-28 06:29:48', 2, '025ca3368c924c13576010e25433293c', 'android', 'next', 'issued', 'b6aa9e947020ac2cf87d3bc7014e7ca2', NULL),
('6ebca2daf26ed9d5ffc34cd0193789b5', '2023-03-28 05:56:15', 4, '2e057d4b1f9dda8b492d84d80c7fa3d5', 'android', 'next', 'issued', '51796040352f8d6bb6fcd339d5268d0e', NULL),
('709ead3e427b56485c878f5c3c5b0c08', '2023-03-25 17:09:39', 4, '8c173ff94eb34b388b87d52ba4f8cd77', 'android', 'checkedin', 'issued', 'c47d4af7c322d1ac067770c1ae1bb12c', NULL),
('720d72a2f275a900b0c70b7d2ceae98a', '2023-03-17 06:05:55', 2, '2e057d4b1f9dda8b492d84d80c7fa3d5', 'android', 'waiting', 'issued', 'b6aa9e947020ac2cf87d3bc7014e7ca2', NULL),
('721269c07154680d184e3fa9ad4fc0f3', '2023-03-24 06:14:05', 4, '025ca3368c924c13576010e25433293c', 'android', 'next', 'issued', '51796040352f8d6bb6fcd339d5268d0e', NULL),
('72d829a8b752e5863674462f54e360c4', '2023-04-04 09:57:02', 2, '0f8d997426a31cb02206c727046822c0', 'android', 'next', 'selfshifted', '2d1d2fe5612537e895042157ce42cf39', NULL),
('736ca76ee11e99c9bda4af03e9815f38', '2023-03-31 04:29:55', 1, 'f055068706b1c9a3db655f23bf8a110f', 'android', 'waiting', 'issued', '31c80189aae9f0949c6a96af5b334490', NULL),
('73c5ed95a7fc3808253ab375a0bf90b0', '2023-03-16 12:13:28', 2, '025ca3368c924c13576010e25433293c', 'android', 'waiting', 'issued', 'a079e4c4064996ae1228347c54fa95f5', NULL),
('7501bb55c0eabcea56558d4ce163bb35', '2023-03-19 10:55:29', 2, '0f8d997426a31cb02206c727046822c0', 'android', 'waiting', 'selfshifted', '51796040352f8d6bb6fcd339d5268d0e', NULL),
('752f5812ab5cd5cc04dfbbf8fa20f884', '2023-04-22 04:21:17', 1, '0f8d997426a31cb02206c727046822c0', 'android', 'next', 'issued', 'a079e4c4064996ae1228347c54fa95f5', 'c1YJbJG1TJWcPMoOIM8gXg:APA91bFgTD3gAhTTgCyEN35YIwB3nERsTxYYv2ZFvHUdEA894IxX-UI6n5mkc7g6oiODHU2cKE5Za4mC_UPi_kkO-jy3SjPdiGHZWRa8pkFz7WLtkG9UQVzWbod0dmktnPWXHPbZ4LuR'),
('756edff5f4ae83b76262bf407d1a8912', '2023-04-23 05:33:32', 2, '2e057d4b1f9dda8b492d84d80c7fa3d5', 'android', 'checkedin', 'issued', 'dfd0dddd16ac5251f1dcda6ac84e3d9a', 'c1YJbJG1TJWcPMoOIM8gXg:APA91bFgTD3gAhTTgCyEN35YIwB3nERsTxYYv2ZFvHUdEA894IxX-UI6n5mkc7g6oiODHU2cKE5Za4mC_UPi_kkO-jy3SjPdiGHZWRa8pkFz7WLtkG9UQVzWbod0dmktnPWXHPbZ4LuR');
INSERT INTO `queue` (`qid`, `issue_time`, `number`, `token`, `channel`, `state`, `status`, `sid`, `ftoken`) VALUES
('75a7abe618f6bbf79baa90d1e2573eca', '2023-04-01 13:58:09', 1, '3033123d04e2210c9cedbf02aeb225bc', 'android', 'waiting', 'issued', '2d1d2fe5612537e895042157ce42cf39', NULL),
('7618b849396012a81d4d7c883ee87181', '2023-04-04 10:45:22', 3, 'd1d8fdee764df276091ff2c1cd34c1d7', 'android', 'next', 'issued', '2d1d2fe5612537e895042157ce42cf39', NULL),
('76867b5cf7625b62465347ddbf9715de', '2023-05-18 18:08:48', 8, 'da342d15c1fe7235b3521766966b3c82', 'android', 'waiting', 'issued', 'b6aa9e947020ac2cf87d3bc7014e7ca2', 'c1YJbJG1TJWcPMoOIM8gXg:APA91bFgTD3gAhTTgCyEN35YIwB3nERsTxYYv2ZFvHUdEA894IxX-UI6n5mkc7g6oiODHU2cKE5Za4mC_UPi_kkO-jy3SjPdiGHZWRa8pkFz7WLtkG9UQVzWbod0dmktnPWXHPbZ4LuR'),
('775a2b0aec2ecaa39c59238fa9178bd7', '2023-03-06 17:16:53', 2, '0f8d997426a31cb02206c727046822c0', 'web', 'waiting', 'issued', '1bb4a414c34067e751ba5390c6048423', NULL),
('779789bf550e77e4aefb05f0d0b8d836', '2023-04-30 07:58:59', 2, '2e057d4b1f9dda8b492d84d80c7fa3d5', 'android', 'checkedin', 'issued', 'b6aa9e947020ac2cf87d3bc7014e7ca2', 'c1YJbJG1TJWcPMoOIM8gXg:APA91bFgTD3gAhTTgCyEN35YIwB3nERsTxYYv2ZFvHUdEA894IxX-UI6n5mkc7g6oiODHU2cKE5Za4mC_UPi_kkO-jy3SjPdiGHZWRa8pkFz7WLtkG9UQVzWbod0dmktnPWXHPbZ4LuR'),
('787c1346aaaef4c45acd1ff9b49d41c9', '2023-03-28 05:37:26', 2, '0f8d997426a31cb02206c727046822c0', 'android', 'next', 'selfshifted', '51796040352f8d6bb6fcd339d5268d0e', NULL),
('7916b64604172da59c89a978b121e698', '2023-01-31 20:08:30', 9, 'd1d8fdee764df276091ff2c1cd34c1d7', 'web', 'checkedin', 'issued', '1bb4a414c34067e751ba5390c6048423', NULL),
('797ed3ec832b09c35e0c5bace4cbffb0', '2023-04-23 05:56:59', 4, '025ca3368c924c13576010e25433293c', 'android', 'waiting', 'issued', '31c80189aae9f0949c6a96af5b334490', 'c1YJbJG1TJWcPMoOIM8gXg:APA91bFgTD3gAhTTgCyEN35YIwB3nERsTxYYv2ZFvHUdEA894IxX-UI6n5mkc7g6oiODHU2cKE5Za4mC_UPi_kkO-jy3SjPdiGHZWRa8pkFz7WLtkG9UQVzWbod0dmktnPWXHPbZ4LuR'),
('79b41e37e5970870c24027aded13486e', '2023-04-23 09:25:45', 1, '0f8d997426a31cb02206c727046822c0', 'android', 'checkedin', 'issued', '2d1d2fe5612537e895042157ce42cf39', 'c1YJbJG1TJWcPMoOIM8gXg:APA91bFgTD3gAhTTgCyEN35YIwB3nERsTxYYv2ZFvHUdEA894IxX-UI6n5mkc7g6oiODHU2cKE5Za4mC_UPi_kkO-jy3SjPdiGHZWRa8pkFz7WLtkG9UQVzWbod0dmktnPWXHPbZ4LuR'),
('79fd9aed4a4d07141f6a89661138baed', '2023-05-12 14:18:18', 4, '2e057d4b1f9dda8b492d84d80c7fa3d5', 'android', 'checkedin', 'issued', 'c47d4af7c322d1ac067770c1ae1bb12c', 'c1YJbJG1TJWcPMoOIM8gXg:APA91bFgTD3gAhTTgCyEN35YIwB3nERsTxYYv2ZFvHUdEA894IxX-UI6n5mkc7g6oiODHU2cKE5Za4mC_UPi_kkO-jy3SjPdiGHZWRa8pkFz7WLtkG9UQVzWbod0dmktnPWXHPbZ4LuR'),
('7bdc22d9137d956875cb166f3037ed26', '2023-03-31 18:18:55', 2, '0f8d997426a31cb02206c727046822c0', 'android', 'waiting', 'selfshifted', 'dc3665ec2df86043b6145122c4442161', NULL),
('7be8a6306badbe6e1e817dd65051ac39', '2023-04-25 07:19:23', 2, '0f8d997426a31cb02206c727046822c0', 'android', 'waiting', 'selfshifted', 'b6aa9e947020ac2cf87d3bc7014e7ca2', 'c1YJbJG1TJWcPMoOIM8gXg:APA91bFgTD3gAhTTgCyEN35YIwB3nERsTxYYv2ZFvHUdEA894IxX-UI6n5mkc7g6oiODHU2cKE5Za4mC_UPi_kkO-jy3SjPdiGHZWRa8pkFz7WLtkG9UQVzWbod0dmktnPWXHPbZ4LuR'),
('7bf1e44770950c7790a32100784bd2e7', '2023-03-19 10:36:49', 1, '025ca3368c924c13576010e25433293c', 'android', 'waiting', 'issued', 'c47d4af7c322d1ac067770c1ae1bb12c', NULL),
('7c051b034b035b6bd08adc5f35d41243', '2023-04-29 07:52:47', 1, 'c4374ab1abb80b28d1f519a20fc7e626', 'android', 'next', 'issued', 'b6aa9e947020ac2cf87d3bc7014e7ca2', 'c1YJbJG1TJWcPMoOIM8gXg:APA91bFgTD3gAhTTgCyEN35YIwB3nERsTxYYv2ZFvHUdEA894IxX-UI6n5mkc7g6oiODHU2cKE5Za4mC_UPi_kkO-jy3SjPdiGHZWRa8pkFz7WLtkG9UQVzWbod0dmktnPWXHPbZ4LuR'),
('7ce972a02908567db5247999c93e5147', '2023-04-29 07:55:03', 6, '0f8d997426a31cb02206c727046822c0', 'android', 'waiting', 'issued', 'b6aa9e947020ac2cf87d3bc7014e7ca2', 'c1YJbJG1TJWcPMoOIM8gXg:APA91bFgTD3gAhTTgCyEN35YIwB3nERsTxYYv2ZFvHUdEA894IxX-UI6n5mkc7g6oiODHU2cKE5Za4mC_UPi_kkO-jy3SjPdiGHZWRa8pkFz7WLtkG9UQVzWbod0dmktnPWXHPbZ4LuR'),
('7d551b854bb4ba0a49e7aade32f0ef5d', '2023-03-06 17:16:54', 6, 'd1d8fdee764df276091ff2c1cd34c1d7', 'web', 'waiting', 'issued', '1bb4a414c34067e751ba5390c6048423', NULL),
('7def3d6ad54d597187428c53e34ff632', '2023-03-31 18:30:42', 1, '6c9caf9e7ddf0f693ddeedfbef9b0225', 'android', 'waiting', 'issued', 'c47d4af7c322d1ac067770c1ae1bb12c', NULL),
('7ec5bbf2501ff9e7c2a2ea54a727d300', '2023-01-30 19:58:40', 11, '2e057d4b1f9dda8b492d84d80c7fa3d5', 'web', 'waiting', 'selfshifted', '1bb4a414c34067e751ba5390c6048423', NULL),
('7fcd62941feb1912d6e06c85870e0e3a', '2023-04-30 08:26:23', 3, '0f8d997426a31cb02206c727046822c0', 'android', 'waiting', 'issued', 'a079e4c4064996ae1228347c54fa95f5', 'c1YJbJG1TJWcPMoOIM8gXg:APA91bFgTD3gAhTTgCyEN35YIwB3nERsTxYYv2ZFvHUdEA894IxX-UI6n5mkc7g6oiODHU2cKE5Za4mC_UPi_kkO-jy3SjPdiGHZWRa8pkFz7WLtkG9UQVzWbod0dmktnPWXHPbZ4LuR'),
('7fed02ede8137c6f23fcd0231e5b6897', '2023-04-07 06:45:27', 1, '0f8d997426a31cb02206c727046822c0', 'android', 'waiting', 'issued', 'b6aa9e947020ac2cf87d3bc7014e7ca2', NULL),
('80321001fa330be614eed59f50c79e42', '2023-03-19 05:31:30', 1, '0f8d997426a31cb02206c727046822c0', 'android', 'checkedin', 'issued', 'a079e4c4064996ae1228347c54fa95f5', NULL),
('80ff98f17fa5cadbfc0918581e96af9b', '2023-04-29 07:53:22', 2, '025ca3368c924c13576010e25433293c', 'android', 'checkedin', 'issued', 'b6aa9e947020ac2cf87d3bc7014e7ca2', 'c1YJbJG1TJWcPMoOIM8gXg:APA91bFgTD3gAhTTgCyEN35YIwB3nERsTxYYv2ZFvHUdEA894IxX-UI6n5mkc7g6oiODHU2cKE5Za4mC_UPi_kkO-jy3SjPdiGHZWRa8pkFz7WLtkG9UQVzWbod0dmktnPWXHPbZ4LuR'),
('822815a82cb9729b4e4a40ed6f3ed47e', '2023-05-12 16:41:38', 7, '0f8d997426a31cb02206c727046822c0', 'android', 'checkedin', 'selfshifted', 'c47d4af7c322d1ac067770c1ae1bb12c', 'c1YJbJG1TJWcPMoOIM8gXg:APA91bFgTD3gAhTTgCyEN35YIwB3nERsTxYYv2ZFvHUdEA894IxX-UI6n5mkc7g6oiODHU2cKE5Za4mC_UPi_kkO-jy3SjPdiGHZWRa8pkFz7WLtkG9UQVzWbod0dmktnPWXHPbZ4LuR'),
('8402e0fc1b32e61040fb9f9c139364b8', '2023-03-04 18:25:22', 4, '6c9caf9e7ddf0f693ddeedfbef9b0225', 'web', 'waiting', 'issued', 'a079e4c4064996ae1228347c54fa95f5', NULL),
('84f1f11417bb63a7042689567912401f', '2023-03-17 16:58:43', 1, '2e057d4b1f9dda8b492d84d80c7fa3d5', 'android', 'next', 'issued', 'dfa9072972a96119459915864bcdc2a2', NULL),
('857537ca8309821b9cbd2aaecdd4f9af', '2023-03-25 15:51:56', 2, '025ca3368c924c13576010e25433293c', 'android', 'next', 'issued', '51796040352f8d6bb6fcd339d5268d0e', NULL),
('86019905a8dfa134c4fd33e84d182b63', '2023-03-31 04:30:57', 2, 'f055068706b1c9a3db655f23bf8a110f', 'android', 'waiting', 'issued', 'dfa9072972a96119459915864bcdc2a2', NULL),
('869ff00cc31d44af35f99016b23d891c', '2023-04-30 07:23:48', 1, '0f8d997426a31cb02206c727046822c0', 'android', 'checkedin', 'issued', 'c47d4af7c322d1ac067770c1ae1bb12c', 'c1YJbJG1TJWcPMoOIM8gXg:APA91bFgTD3gAhTTgCyEN35YIwB3nERsTxYYv2ZFvHUdEA894IxX-UI6n5mkc7g6oiODHU2cKE5Za4mC_UPi_kkO-jy3SjPdiGHZWRa8pkFz7WLtkG9UQVzWbod0dmktnPWXHPbZ4LuR'),
('86a525ba9bb73d0931135eb5e71a02a4', '2023-05-13 09:24:48', 2, '025ca3368c924c13576010e25433293c', 'android', 'checkedin', 'issued', 'c47d4af7c322d1ac067770c1ae1bb12c', 'c1YJbJG1TJWcPMoOIM8gXg:APA91bFgTD3gAhTTgCyEN35YIwB3nERsTxYYv2ZFvHUdEA894IxX-UI6n5mkc7g6oiODHU2cKE5Za4mC_UPi_kkO-jy3SjPdiGHZWRa8pkFz7WLtkG9UQVzWbod0dmktnPWXHPbZ4LuR'),
('86c1114cff4da88cac5151cb9ba6ff4d', '2023-03-04 18:36:47', 4, '6c9caf9e7ddf0f693ddeedfbef9b0225', 'web', 'waiting', 'issued', '1bb4a414c34067e751ba5390c6048423', NULL),
('88049196f8e96fcefe1fe2c0b4ebb9b6', '2023-04-07 06:46:33', 2, '8c173ff94eb34b388b87d52ba4f8cd77', 'android', 'waiting', 'issued', 'b6aa9e947020ac2cf87d3bc7014e7ca2', 'cz5kDI74TLGvKe4FEoHEU5:APA91bH7BVaAjkQBMvOkuu4ShW6yBdKHj8BRmWALUT-grrhsMDCM-O9bwkWkYCN69cBnZ4Sr-Zm1sskiBqj8bLtWIAoioWY4-tpc_nTgbyscl1GxI75dMxgAAHHTuyUNGUtJFmuaKVBD'),
('886079ae7be8e6a07aac7accf3ff6386', '2023-05-13 09:11:41', 2, 'da342d15c1fe7235b3521766966b3c82', 'android', 'checkedin', 'issued', 'dc3665ec2df86043b6145122c4442161', 'c1YJbJG1TJWcPMoOIM8gXg:APA91bFgTD3gAhTTgCyEN35YIwB3nERsTxYYv2ZFvHUdEA894IxX-UI6n5mkc7g6oiODHU2cKE5Za4mC_UPi_kkO-jy3SjPdiGHZWRa8pkFz7WLtkG9UQVzWbod0dmktnPWXHPbZ4LuR'),
('895837cba3ad92c210aab3fbf242e3c6', '2023-04-06 05:10:30', 2, 'f055068706b1c9a3db655f23bf8a110f', 'android', 'checkedin', 'issued', 'dfa9072972a96119459915864bcdc2a2', 'cz5kDI74TLGvKe4FEoHEU5:APA91bH7BVaAjkQBMvOkuu4ShW6yBdKHj8BRmWALUT-grrhsMDCM-O9bwkWkYCN69cBnZ4Sr-Zm1sskiBqj8bLtWIAoioWY4-tpc_nTgbyscl1GxI75dMxgAAHHTuyUNGUtJFmuaKVBD'),
('8a33794d360ebe75be6a5332c3d6eea6', '2023-05-14 14:37:49', 2, '2e057d4b1f9dda8b492d84d80c7fa3d5', 'android', 'checkedin', 'issued', 'b6aa9e947020ac2cf87d3bc7014e7ca2', 'c1YJbJG1TJWcPMoOIM8gXg:APA91bFgTD3gAhTTgCyEN35YIwB3nERsTxYYv2ZFvHUdEA894IxX-UI6n5mkc7g6oiODHU2cKE5Za4mC_UPi_kkO-jy3SjPdiGHZWRa8pkFz7WLtkG9UQVzWbod0dmktnPWXHPbZ4LuR'),
('8af2bf76dbabc38aa2ca89b776c792f7', '2023-04-23 09:43:34', 2, '57b48fdd7780213389fed584045de300', 'android', 'waiting', 'issued', 'dfd0dddd16ac5251f1dcda6ac84e3d9a', 'c1YJbJG1TJWcPMoOIM8gXg:APA91bFgTD3gAhTTgCyEN35YIwB3nERsTxYYv2ZFvHUdEA894IxX-UI6n5mkc7g6oiODHU2cKE5Za4mC_UPi_kkO-jy3SjPdiGHZWRa8pkFz7WLtkG9UQVzWbod0dmktnPWXHPbZ4LuR'),
('8bd016202696bbdccf0c8170e54ac171', '2023-03-26 18:30:58', 5, '8c173ff94eb34b388b87d52ba4f8cd77', 'android', 'waiting', 'issued', '2d1d2fe5612537e895042157ce42cf39', NULL),
('8bf0f0bd9bc743575beef49680fd8c78', '2023-03-31 16:30:59', 4, '8c173ff94eb34b388b87d52ba4f8cd77', 'android', 'waiting', 'issued', 'b6aa9e947020ac2cf87d3bc7014e7ca2', NULL),
('8ca91d88bfa40f6ad224e251520d1a46', '2023-04-05 05:40:53', 2, 'd1d8fdee764df276091ff2c1cd34c1d7', 'android', 'next', 'issued', 'c47d4af7c322d1ac067770c1ae1bb12c', 'cz5kDI74TLGvKe4FEoHEU5:APA91bH7BVaAjkQBMvOkuu4ShW6yBdKHj8BRmWALUT-grrhsMDCM-O9bwkWkYCN69cBnZ4Sr-Zm1sskiBqj8bLtWIAoioWY4-tpc_nTgbyscl1GxI75dMxgAAHHTuyUNGUtJFmuaKVBD'),
('8cbe82e2b8fadc22f180f562a7f4156a', '2023-03-08 18:48:31', 7, '025ca3368c924c13576010e25433293c', 'web', 'checkedin', 'selfshifted', '1bb4a414c34067e751ba5390c6048423', NULL),
('8d6a67083b785f0fb98c4fb1a87089d3', '2023-04-23 08:36:39', 5, '2e057d4b1f9dda8b492d84d80c7fa3d5', 'android', 'waiting', 'selfshifted', 'dfa9072972a96119459915864bcdc2a2', 'c1YJbJG1TJWcPMoOIM8gXg:APA91bFgTD3gAhTTgCyEN35YIwB3nERsTxYYv2ZFvHUdEA894IxX-UI6n5mkc7g6oiODHU2cKE5Za4mC_UPi_kkO-jy3SjPdiGHZWRa8pkFz7WLtkG9UQVzWbod0dmktnPWXHPbZ4LuR'),
('8df811008214b6002f4e47d81c20ed9c', '2023-05-11 17:53:40', 1, '0f8d997426a31cb02206c727046822c0', 'android', 'checkedin', 'issued', 'b6aa9e947020ac2cf87d3bc7014e7ca2', 'c1YJbJG1TJWcPMoOIM8gXg:APA91bFgTD3gAhTTgCyEN35YIwB3nERsTxYYv2ZFvHUdEA894IxX-UI6n5mkc7g6oiODHU2cKE5Za4mC_UPi_kkO-jy3SjPdiGHZWRa8pkFz7WLtkG9UQVzWbod0dmktnPWXHPbZ4LuR'),
('8eaf7a3968bc79564a4fc44c7e2dcc4f', '2023-03-18 11:03:24', 4, '6c9caf9e7ddf0f693ddeedfbef9b0225', 'android', 'waiting', 'issued', 'c47d4af7c322d1ac067770c1ae1bb12c', NULL),
('8f3ced052c7a4f6ac68c6b4514fbf8c2', '2023-01-31 20:09:12', 11, 'f055068706b1c9a3db655f23bf8a110f', 'web', 'checkedin', 'selfshifted', '1bb4a414c34067e751ba5390c6048423', NULL),
('8f5fbcba5dc7d94a4243cd2ff21e5398', '2023-04-02 13:19:08', 3, '025ca3368c924c13576010e25433293c', 'android', 'waiting', 'selfshifted', 'b6aa9e947020ac2cf87d3bc7014e7ca2', NULL),
('8f87b3b2a7734de749c423e03ff3dff9', '2023-03-19 05:33:00', 3, 'f055068706b1c9a3db655f23bf8a110f', 'android', 'next', 'issued', 'a079e4c4064996ae1228347c54fa95f5', NULL),
('9105f61c65a0a0785aee711e5e73900c', '2023-01-30 19:56:44', 7, 'c6525e3f8694e092d12ec0f2fa660112', 'web', 'checkedin', 'issued', '1bb4a414c34067e751ba5390c6048423', NULL),
('937b9ee5767c8209146dba6e6cbafdf4', '2023-04-15 04:17:33', 3, '025ca3368c924c13576010e25433293c', 'android', 'next', 'issued', 'c1c8b7cd302adc78393bdadda425f25e', 'c1YJbJG1TJWcPMoOIM8gXg:APA91bFgTD3gAhTTgCyEN35YIwB3nERsTxYYv2ZFvHUdEA894IxX-UI6n5mkc7g6oiODHU2cKE5Za4mC_UPi_kkO-jy3SjPdiGHZWRa8pkFz7WLtkG9UQVzWbod0dmktnPWXHPbZ4LuR'),
('93aaed1ffa46a7f65d01af5ebf8ae57f', '2023-05-12 14:17:25', 2, 'c5864fe5997e062a86de8738aaffa32d', 'android', 'next', 'issued', 'c47d4af7c322d1ac067770c1ae1bb12c', 'c1YJbJG1TJWcPMoOIM8gXg:APA91bFgTD3gAhTTgCyEN35YIwB3nERsTxYYv2ZFvHUdEA894IxX-UI6n5mkc7g6oiODHU2cKE5Za4mC_UPi_kkO-jy3SjPdiGHZWRa8pkFz7WLtkG9UQVzWbod0dmktnPWXHPbZ4LuR'),
('940b09b4576e0e7207a5da48b6f97f7a', '2023-04-04 16:44:58', 2, '2e057d4b1f9dda8b492d84d80c7fa3d5', 'android', 'next', 'issued', 'b6aa9e947020ac2cf87d3bc7014e7ca2', 'cz5kDI74TLGvKe4FEoHEU5:APA91bH7BVaAjkQBMvOkuu4ShW6yBdKHj8BRmWALUT-grrhsMDCM-O9bwkWkYCN69cBnZ4Sr-Zm1sskiBqj8bLtWIAoioWY4-tpc_nTgbyscl1GxI75dMxgAAHHTuyUNGUtJFmuaKVBD'),
('9436bc395df07fff2b1507937d2d861c', '2023-03-28 06:20:43', 1, '0f8d997426a31cb02206c727046822c0', 'android', 'next', 'issued', 'b6aa9e947020ac2cf87d3bc7014e7ca2', NULL),
('94a67af011d8aff8cf28a664127df0ab', '2023-03-04 18:40:04', 2, '0f8d997426a31cb02206c727046822c0', 'web', 'waiting', 'issued', 'b6aa9e947020ac2cf87d3bc7014e7ca2', NULL),
('965f0eac15c191cc2e37033df4129a95', '2023-05-17 13:18:42', 2, '025ca3368c924c13576010e25433293c', 'android', 'waiting', 'issued', 'c47d4af7c322d1ac067770c1ae1bb12c', 'c1YJbJG1TJWcPMoOIM8gXg:APA91bFgTD3gAhTTgCyEN35YIwB3nERsTxYYv2ZFvHUdEA894IxX-UI6n5mkc7g6oiODHU2cKE5Za4mC_UPi_kkO-jy3SjPdiGHZWRa8pkFz7WLtkG9UQVzWbod0dmktnPWXHPbZ4LuR'),
('96d4d8cbd35aa3ed4cada0567571a8c2', '2023-05-13 08:57:23', 3, 'da342d15c1fe7235b3521766966b3c82', 'android', 'checkedin', 'issued', '2d1d2fe5612537e895042157ce42cf39', 'c1YJbJG1TJWcPMoOIM8gXg:APA91bFgTD3gAhTTgCyEN35YIwB3nERsTxYYv2ZFvHUdEA894IxX-UI6n5mkc7g6oiODHU2cKE5Za4mC_UPi_kkO-jy3SjPdiGHZWRa8pkFz7WLtkG9UQVzWbod0dmktnPWXHPbZ4LuR'),
('981381d0fb1deb672a4dd4fc9661010d', '2023-03-05 09:42:48', 7, '0f8d997426a31cb02206c727046822c0', 'web', 'waiting', 'selfshifted', '1bb4a414c34067e751ba5390c6048423', NULL),
('9a08e00d749a747cdda30be3755158b0', '2023-04-30 08:29:42', 1, '025ca3368c924c13576010e25433293c', 'android', 'checkedin', 'issued', '51796040352f8d6bb6fcd339d5268d0e', 'c1YJbJG1TJWcPMoOIM8gXg:APA91bFgTD3gAhTTgCyEN35YIwB3nERsTxYYv2ZFvHUdEA894IxX-UI6n5mkc7g6oiODHU2cKE5Za4mC_UPi_kkO-jy3SjPdiGHZWRa8pkFz7WLtkG9UQVzWbod0dmktnPWXHPbZ4LuR'),
('9b79e1977981c45c064ab554da8de18c', '2023-03-06 16:33:23', 3, '025ca3368c924c13576010e25433293c', 'web', 'checkedin', 'issued', 'b6aa9e947020ac2cf87d3bc7014e7ca2', NULL),
('9c6711412bf229aef6c6200a3e3e15a0', '2023-02-28 16:52:40', 2, '2e057d4b1f9dda8b492d84d80c7fa3d5', 'android', 'waiting', 'issued', '0d3b86e354ea9cd3df80043f43611a1a', NULL),
('9ce5c2633a52cf7f39616b1010e3e256', '2023-03-21 16:50:06', 2, '8c173ff94eb34b388b87d52ba4f8cd77', 'android', 'waiting', 'issued', '51796040352f8d6bb6fcd339d5268d0e', NULL),
('9cf2f1782bd7d5aa600a032178a2e206', '2023-03-22 17:44:42', 3, 'd1d8fdee764df276091ff2c1cd34c1d7', 'android', 'next', 'issued', '51796040352f8d6bb6fcd339d5268d0e', NULL),
('9d296098e5ace4f3d6e6060686e7667b', '2023-04-20 15:38:44', 2, '025ca3368c924c13576010e25433293c', 'android', 'checkedin', 'selfshifted', 'b6aa9e947020ac2cf87d3bc7014e7ca2', 'c1YJbJG1TJWcPMoOIM8gXg:APA91bFgTD3gAhTTgCyEN35YIwB3nERsTxYYv2ZFvHUdEA894IxX-UI6n5mkc7g6oiODHU2cKE5Za4mC_UPi_kkO-jy3SjPdiGHZWRa8pkFz7WLtkG9UQVzWbod0dmktnPWXHPbZ4LuR'),
('9d35427952fdf2d5475f5af4af10061d', '2023-03-10 18:30:24', 5, '025ca3368c924c13576010e25433293c', 'web', 'waiting', 'issued', '4862f7dda23d3f7c31bb3fe5c236c0c3', NULL),
('9de7b171e01e2bf24bee12a5f4195b1d', '2023-03-19 05:33:45', 4, 'da342d15c1fe7235b3521766966b3c82', 'android', 'next', 'issued', 'a079e4c4064996ae1228347c54fa95f5', NULL),
('9e1208c7e2a3955e42e917953a5c95ec', '2023-02-23 16:59:23', 9, 'd1d8fdee764df276091ff2c1cd34c1d7', 'web', 'waiting', 'issued', 'b6aa9e947020ac2cf87d3bc7014e7ca2', NULL),
('9e1290f9844e53c2e2b1d4b32728bf27', '2023-04-05 17:40:14', 3, 'd1d8fdee764df276091ff2c1cd34c1d7', 'android', 'next', 'issued', 'b6aa9e947020ac2cf87d3bc7014e7ca2', 'cz5kDI74TLGvKe4FEoHEU5:APA91bH7BVaAjkQBMvOkuu4ShW6yBdKHj8BRmWALUT-grrhsMDCM-O9bwkWkYCN69cBnZ4Sr-Zm1sskiBqj8bLtWIAoioWY4-tpc_nTgbyscl1GxI75dMxgAAHHTuyUNGUtJFmuaKVBD'),
('9e2dd9cb86e85f620ff7bdd38c408319', '2023-03-25 16:48:19', 3, 'f055068706b1c9a3db655f23bf8a110f', 'android', 'checkedin', 'issued', 'b6aa9e947020ac2cf87d3bc7014e7ca2', NULL),
('9e4a1480a23d812390eab0c2c013b2a6', '2023-03-04 18:40:04', 3, '2e057d4b1f9dda8b492d84d80c7fa3d5', 'web', 'waiting', 'issued', 'b6aa9e947020ac2cf87d3bc7014e7ca2', NULL),
('9ebc0f9ba23e7f4484ff1fee26e6d0c0', '2023-05-13 15:29:12', 2, '2e057d4b1f9dda8b492d84d80c7fa3d5', 'android', 'checkedin', 'issued', 'dfa9072972a96119459915864bcdc2a2', 'c1YJbJG1TJWcPMoOIM8gXg:APA91bFgTD3gAhTTgCyEN35YIwB3nERsTxYYv2ZFvHUdEA894IxX-UI6n5mkc7g6oiODHU2cKE5Za4mC_UPi_kkO-jy3SjPdiGHZWRa8pkFz7WLtkG9UQVzWbod0dmktnPWXHPbZ4LuR'),
('9ed578c154a7167e07dafeebcfebfe5e', '2023-03-20 17:14:46', 1, '0f8d997426a31cb02206c727046822c0', 'android', 'waiting', 'issued', 'b6aa9e947020ac2cf87d3bc7014e7ca2', NULL),
('9fc95b88e3c763bbe2a9f0dfdc98fde5', '2023-03-31 18:41:55', 2, '8c173ff94eb34b388b87d52ba4f8cd77', 'android', 'waiting', 'issued', 'dfd0dddd16ac5251f1dcda6ac84e3d9a', NULL),
('a06bb5a47498e94c42bb427f8bd36bb3', '2023-05-18 18:01:29', 3, '025ca3368c924c13576010e25433293c', 'android', 'waiting', 'issued', 'c1c8b7cd302adc78393bdadda425f25e', 'c1YJbJG1TJWcPMoOIM8gXg:APA91bFgTD3gAhTTgCyEN35YIwB3nERsTxYYv2ZFvHUdEA894IxX-UI6n5mkc7g6oiODHU2cKE5Za4mC_UPi_kkO-jy3SjPdiGHZWRa8pkFz7WLtkG9UQVzWbod0dmktnPWXHPbZ4LuR'),
('a0b8beeb7d958b7f4315a35a813a3014', '2023-04-05 13:23:27', 4, '0f8d997426a31cb02206c727046822c0', 'android', 'checkedin', 'issued', 'dc3665ec2df86043b6145122c4442161', 'cz5kDI74TLGvKe4FEoHEU5:APA91bH7BVaAjkQBMvOkuu4ShW6yBdKHj8BRmWALUT-grrhsMDCM-O9bwkWkYCN69cBnZ4Sr-Zm1sskiBqj8bLtWIAoioWY4-tpc_nTgbyscl1GxI75dMxgAAHHTuyUNGUtJFmuaKVBD'),
('a0df5959082b547657d8ee81d7224867', '2023-04-01 13:49:01', 1, '8c173ff94eb34b388b87d52ba4f8cd77', 'android', 'waiting', 'issued', '2d1d2fe5612537e895042157ce42cf39', NULL),
('a176e0dd805c054eeafe8d1abf9ead14', '2023-03-21 17:13:16', 4, '6c9caf9e7ddf0f693ddeedfbef9b0225', 'android', 'waiting', 'issued', 'c1c8b7cd302adc78393bdadda425f25e', NULL),
('a1b3f05a4783ce4203bbb3f9cd908425', '2023-04-23 05:11:53', 2, '2e057d4b1f9dda8b492d84d80c7fa3d5', 'android', 'checkedin', 'issued', 'b6aa9e947020ac2cf87d3bc7014e7ca2', 'c1YJbJG1TJWcPMoOIM8gXg:APA91bFgTD3gAhTTgCyEN35YIwB3nERsTxYYv2ZFvHUdEA894IxX-UI6n5mkc7g6oiODHU2cKE5Za4mC_UPi_kkO-jy3SjPdiGHZWRa8pkFz7WLtkG9UQVzWbod0dmktnPWXHPbZ4LuR'),
('a1c9e55727c1faef2679cfadcd9cd96d', '2023-03-06 17:16:53', 3, '025ca3368c924c13576010e25433293c', 'web', 'waiting', 'issued', '1bb4a414c34067e751ba5390c6048423', NULL),
('a1e71087ec27419fd17d556fdac46591', '2023-03-21 07:21:30', 5, '6c9caf9e7ddf0f693ddeedfbef9b0225', 'android', 'next', 'issued', 'b6aa9e947020ac2cf87d3bc7014e7ca2', NULL),
('a28e5040b948f6fb2d56ca1cd3a46252', '2023-03-21 16:48:50', 3, '0f8d997426a31cb02206c727046822c0', 'android', 'waiting', 'selfshifted', 'c1c8b7cd302adc78393bdadda425f25e', NULL),
('a3655a06fe832f7ff33cbe9d34aa68d2', '2023-04-05 11:16:46', 5, '0f8d997426a31cb02206c727046822c0', 'android', 'waiting', 'issued', '2d1d2fe5612537e895042157ce42cf39', 'cz5kDI74TLGvKe4FEoHEU5:APA91bH7BVaAjkQBMvOkuu4ShW6yBdKHj8BRmWALUT-grrhsMDCM-O9bwkWkYCN69cBnZ4Sr-Zm1sskiBqj8bLtWIAoioWY4-tpc_nTgbyscl1GxI75dMxgAAHHTuyUNGUtJFmuaKVBD'),
('a36678b68f745afff234f777ec807184', '2023-03-10 18:30:24', 7, 'da342d15c1fe7235b3521766966b3c82', 'web', 'waiting', 'issued', '4862f7dda23d3f7c31bb3fe5c236c0c3', NULL),
('a42a28ba7df8b07899a8f8dc94e23136', '2023-04-02 05:36:33', 2, '0f8d997426a31cb02206c727046822c0', 'android', 'waiting', 'selfshifted', 'dfa9072972a96119459915864bcdc2a2', NULL),
('a48f97f089bf05a8e0f37bff477e2715', '2023-03-19 09:17:26', 1, '0f8d997426a31cb02206c727046822c0', 'android', 'checkedin', 'issued', 'c47d4af7c322d1ac067770c1ae1bb12c', NULL),
('a4bd544a5abed4300195c0a7152f5002', '2023-01-30 20:00:04', 12, 'd1d8fdee764df276091ff2c1cd34c1d7', 'web', 'waiting', 'selfshifted', '1bb4a414c34067e751ba5390c6048423', NULL),
('a4e93522291b1d8a0de83e3090248c12', '2023-04-23 18:11:46', 6, '0f8d997426a31cb02206c727046822c0', 'android', 'waiting', 'issued', 'dfa9072972a96119459915864bcdc2a2', 'c1YJbJG1TJWcPMoOIM8gXg:APA91bFgTD3gAhTTgCyEN35YIwB3nERsTxYYv2ZFvHUdEA894IxX-UI6n5mkc7g6oiODHU2cKE5Za4mC_UPi_kkO-jy3SjPdiGHZWRa8pkFz7WLtkG9UQVzWbod0dmktnPWXHPbZ4LuR'),
('a50bc2f5ee83cedb2e3da8ddf254a4c3', '2023-04-01 13:58:45', 1, '3033123d04e2210c9cedbf02aeb225bc', 'android', 'waiting', 'issued', '51796040352f8d6bb6fcd339d5268d0e', NULL),
('a59a198daf8d9b5e9ee4ce0045151f71', '2023-03-19 05:32:39', 2, '2e057d4b1f9dda8b492d84d80c7fa3d5', 'android', 'next', 'issued', 'a079e4c4064996ae1228347c54fa95f5', NULL),
('a5eca57c890c645f15337e4e8d71ac28', '2023-04-22 18:07:19', 1, '025ca3368c924c13576010e25433293c', 'android', 'checkedin', 'issued', 'b6aa9e947020ac2cf87d3bc7014e7ca2', 'c1YJbJG1TJWcPMoOIM8gXg:APA91bFgTD3gAhTTgCyEN35YIwB3nERsTxYYv2ZFvHUdEA894IxX-UI6n5mkc7g6oiODHU2cKE5Za4mC_UPi_kkO-jy3SjPdiGHZWRa8pkFz7WLtkG9UQVzWbod0dmktnPWXHPbZ4LuR'),
('a65db4aac1c147141bfd3c8843b7c6eb', '2023-03-21 07:31:28', 4, 'd1d8fdee764df276091ff2c1cd34c1d7', 'android', 'waiting', 'issued', 'c47d4af7c322d1ac067770c1ae1bb12c', NULL),
('a671783de2faf1feb318490f7a4b2321', '2023-03-08 18:28:24', 1, '2e057d4b1f9dda8b492d84d80c7fa3d5', 'web', 'checkedin', 'issued', '1bb4a414c34067e751ba5390c6048423', NULL),
('a6ac16fe2f24fce0d415689bad7d7998', '2023-04-21 04:31:06', 5, '025ca3368c924c13576010e25433293c', 'android', 'waiting', 'issued', 'b6aa9e947020ac2cf87d3bc7014e7ca2', 'c1YJbJG1TJWcPMoOIM8gXg:APA91bFgTD3gAhTTgCyEN35YIwB3nERsTxYYv2ZFvHUdEA894IxX-UI6n5mkc7g6oiODHU2cKE5Za4mC_UPi_kkO-jy3SjPdiGHZWRa8pkFz7WLtkG9UQVzWbod0dmktnPWXHPbZ4LuR'),
('a77fc524729538f9c07503db00c61d75', '2023-03-08 16:12:10', 3, '8c173ff94eb34b388b87d52ba4f8cd77', 'web', 'waiting', 'issued', 'a079e4c4064996ae1228347c54fa95f5', NULL),
('a8dedabf2aa0b8d211353c3a9753c516', '2023-03-28 05:56:00', 3, '025ca3368c924c13576010e25433293c', 'android', 'next', 'issued', '51796040352f8d6bb6fcd339d5268d0e', NULL),
('aa052855752efd84bb3fb52d4b950aae', '2023-03-19 05:32:43', 2, '2e057d4b1f9dda8b492d84d80c7fa3d5', 'android', 'next', 'issued', 'b6aa9e947020ac2cf87d3bc7014e7ca2', NULL),
('aa81bbee4417219c1a3b8a801e8051bd', '2023-03-25 17:09:25', 1, '0f8d997426a31cb02206c727046822c0', 'android', 'checkedin', 'issued', 'c47d4af7c322d1ac067770c1ae1bb12c', NULL),
('ab2ed778a6511a906f0991d35ef79be5', '2023-03-31 04:30:53', 2, 'f055068706b1c9a3db655f23bf8a110f', 'android', 'checkedin', 'issued', 'c47d4af7c322d1ac067770c1ae1bb12c', NULL),
('ac9cf3994248f592e8ef6e6c7185a812', '2023-03-17 06:05:17', 1, '0f8d997426a31cb02206c727046822c0', 'android', 'waiting', 'issued', 'b6aa9e947020ac2cf87d3bc7014e7ca2', NULL),
('b0cc18a9c0b7712f139f489a06eed148', '2023-01-30 19:56:44', 3, 'f055068706b1c9a3db655f23bf8a110f', 'web', 'checkedin', 'issued', '1bb4a414c34067e751ba5390c6048423', NULL),
('b11ada02b435d3457adf81192ffc4266', '2023-04-06 05:01:23', 4, '0f8d997426a31cb02206c727046822c0', 'android', 'next', 'issued', 'b6aa9e947020ac2cf87d3bc7014e7ca2', 'cz5kDI74TLGvKe4FEoHEU5:APA91bH7BVaAjkQBMvOkuu4ShW6yBdKHj8BRmWALUT-grrhsMDCM-O9bwkWkYCN69cBnZ4Sr-Zm1sskiBqj8bLtWIAoioWY4-tpc_nTgbyscl1GxI75dMxgAAHHTuyUNGUtJFmuaKVBD'),
('b1b59594a9b5d5fbd35ccd59f0803450', '2023-04-30 08:29:49', 3, '0f8d997426a31cb02206c727046822c0', 'android', 'checkedin', 'issued', '51796040352f8d6bb6fcd339d5268d0e', 'c1YJbJG1TJWcPMoOIM8gXg:APA91bFgTD3gAhTTgCyEN35YIwB3nERsTxYYv2ZFvHUdEA894IxX-UI6n5mkc7g6oiODHU2cKE5Za4mC_UPi_kkO-jy3SjPdiGHZWRa8pkFz7WLtkG9UQVzWbod0dmktnPWXHPbZ4LuR'),
('b23df841ef6f2dc427fa0b709bc4ffc1', '2023-03-08 16:12:11', 9, 'd1d8fdee764df276091ff2c1cd34c1d7', 'web', 'waiting', 'issued', 'a079e4c4064996ae1228347c54fa95f5', NULL),
('b24480128f421f984053895bf36faaba', '2023-04-02 10:25:00', 4, '9b404d96b54d2c9e765cae166239b1f5', 'android', 'waiting', 'selfshifted', 'dfa9072972a96119459915864bcdc2a2', NULL),
('b38d611a9d91d6dd676cd792d87df2ef', '2023-04-23 09:32:50', 4, '0f8d997426a31cb02206c727046822c0', 'android', 'checkedin', 'selfshifted', 'dc3665ec2df86043b6145122c4442161', 'c1YJbJG1TJWcPMoOIM8gXg:APA91bFgTD3gAhTTgCyEN35YIwB3nERsTxYYv2ZFvHUdEA894IxX-UI6n5mkc7g6oiODHU2cKE5Za4mC_UPi_kkO-jy3SjPdiGHZWRa8pkFz7WLtkG9UQVzWbod0dmktnPWXHPbZ4LuR'),
('b3f501c8e5ae6bf151338934d03ef9b2', '2023-03-04 18:25:22', 2, '0f8d997426a31cb02206c727046822c0', 'web', 'waiting', 'issued', 'a079e4c4064996ae1228347c54fa95f5', NULL),
('b446e92ae7daaea098a471e14a53f0f7', '2023-01-31 20:09:38', 12, '2e057d4b1f9dda8b492d84d80c7fa3d5', 'web', 'checkedin', 'selfshifted', '1bb4a414c34067e751ba5390c6048423', NULL),
('b48d36b91fd4258e59891597f31a44e6', '2023-03-06 16:33:23', 6, 'd1d8fdee764df276091ff2c1cd34c1d7', 'web', 'waiting', 'issued', 'b6aa9e947020ac2cf87d3bc7014e7ca2', NULL),
('b6c331d9c5865b3471b81d394a5e8cc9', '2023-04-22 18:07:09', 1, '2e057d4b1f9dda8b492d84d80c7fa3d5', 'android', 'next', 'issued', 'b6aa9e947020ac2cf87d3bc7014e7ca2', 'c1YJbJG1TJWcPMoOIM8gXg:APA91bFgTD3gAhTTgCyEN35YIwB3nERsTxYYv2ZFvHUdEA894IxX-UI6n5mkc7g6oiODHU2cKE5Za4mC_UPi_kkO-jy3SjPdiGHZWRa8pkFz7WLtkG9UQVzWbod0dmktnPWXHPbZ4LuR'),
('b73b39f60a4c4e7bdc65416ff801a991', '2023-03-05 09:42:48', 6, 'd1d8fdee764df276091ff2c1cd34c1d7', 'web', 'waiting', 'issued', '1bb4a414c34067e751ba5390c6048423', NULL),
('b750504ef81de6004e886350dbd470f5', '2023-03-08 16:12:11', 7, 'c6525e3f8694e092d12ec0f2fa660112', 'web', 'waiting', 'issued', 'a079e4c4064996ae1228347c54fa95f5', NULL),
('b768c0db536b80fe882e20bd9783e32d', '2023-03-24 14:48:08', 1, '0f8d997426a31cb02206c727046822c0', 'android', 'waiting', 'issued', 'a079e4c4064996ae1228347c54fa95f5', NULL),
('b81e01771592f62b0bf7881642750da8', '2023-01-30 19:56:44', 8, 'da342d15c1fe7235b3521766966b3c82', 'web', 'checkedin', 'issued', '1bb4a414c34067e751ba5390c6048423', NULL),
('b8af4778d91a940592aac430d3e72924', '2023-03-01 15:10:04', 3, '2e057d4b1f9dda8b492d84d80c7fa3d5', 'android', 'waiting', 'issued', '0d3b86e354ea9cd3df80043f43611a1a', NULL),
('b9a5981caec777dc4a7803dcde196233', '2023-03-04 18:17:40', 2, '0f8d997426a31cb02206c727046822c0', 'web', 'waiting', 'issued', 'dfd0dddd16ac5251f1dcda6ac84e3d9a', NULL),
('bb5589d3d4368a053bc4d60ae4708e5e', '2023-03-18 11:01:41', 3, 'd1d8fdee764df276091ff2c1cd34c1d7', 'android', 'waiting', 'issued', 'c47d4af7c322d1ac067770c1ae1bb12c', NULL),
('bb590b9b90cc220b4e81a15e9eb9b63d', '2023-02-23 17:22:04', 12, '0f8d997426a31cb02206c727046822c0', 'android', 'waiting', 'selfshifted', 'b6aa9e947020ac2cf87d3bc7014e7ca2', NULL),
('bcca6c7bdcab917bf4563da493b91635', '2023-03-08 16:09:00', 1, '0f8d997426a31cb02206c727046822c0', 'android', 'waiting', 'issued', 'a079e4c4064996ae1228347c54fa95f5', NULL),
('bd25198d55c532919862911b2a53f996', '2023-03-19 11:28:47', 3, '2e057d4b1f9dda8b492d84d80c7fa3d5', 'android', 'waiting', 'issued', 'c1c8b7cd302adc78393bdadda425f25e', NULL),
('bd2d31249d227c52a28a417558875a24', '2023-03-31 18:49:59', 2, '6c9caf9e7ddf0f693ddeedfbef9b0225', 'android', 'waiting', 'issued', 'dfd0dddd16ac5251f1dcda6ac84e3d9a', NULL),
('bd9f9289a7e5ede8bc7879374505e118', '2023-03-26 08:34:01', 2, '2e057d4b1f9dda8b492d84d80c7fa3d5', 'android', 'next', 'issued', '2d1d2fe5612537e895042157ce42cf39', NULL),
('bdecbe5be5f22a6d4c0cbdcce4d3ec43', '2023-05-18 17:59:13', 1, '0f8d997426a31cb02206c727046822c0', 'android', 'waiting', 'issued', 'c1c8b7cd302adc78393bdadda425f25e', 'c1YJbJG1TJWcPMoOIM8gXg:APA91bFgTD3gAhTTgCyEN35YIwB3nERsTxYYv2ZFvHUdEA894IxX-UI6n5mkc7g6oiODHU2cKE5Za4mC_UPi_kkO-jy3SjPdiGHZWRa8pkFz7WLtkG9UQVzWbod0dmktnPWXHPbZ4LuR'),
('be5166cb4f5e3713627ea292c23d234a', '2023-05-18 12:38:14', 2, 'c5864fe5997e062a86de8738aaffa32d', 'android', 'waiting', 'issued', 'b6aa9e947020ac2cf87d3bc7014e7ca2', 'c1YJbJG1TJWcPMoOIM8gXg:APA91bFgTD3gAhTTgCyEN35YIwB3nERsTxYYv2ZFvHUdEA894IxX-UI6n5mkc7g6oiODHU2cKE5Za4mC_UPi_kkO-jy3SjPdiGHZWRa8pkFz7WLtkG9UQVzWbod0dmktnPWXHPbZ4LuR'),
('be5743980eaa1f5c6f1bacafd06b9f80', '2023-03-05 18:59:26', 10, '8c173ff94eb34b388b87d52ba4f8cd77', 'web', 'checkedin', 'selfshifted', 'b6aa9e947020ac2cf87d3bc7014e7ca2', NULL),
('be766ec8a6e412f988fb0d77ec3b45db', '2023-03-06 17:16:54', 5, 'da342d15c1fe7235b3521766966b3c82', 'web', 'waiting', 'issued', '1bb4a414c34067e751ba5390c6048423', NULL),
('be92452dfc7eb530f85f9097a95ec5da', '2023-03-17 07:04:40', 1, '0f8d997426a31cb02206c727046822c0', 'android', 'waiting', 'issued', '2d1d2fe5612537e895042157ce42cf39', NULL),
('bfe00845080a4683431092cf5b5a94c1', '2023-03-21 17:18:20', 4, '6c9caf9e7ddf0f693ddeedfbef9b0225', 'android', 'waiting', 'issued', 'a079e4c4064996ae1228347c54fa95f5', NULL),
('c00f7263c1d6bcb53487933e72527353', '2023-03-24 05:19:38', 2, '0f8d997426a31cb02206c727046822c0', 'android', 'next', 'selfshifted', '51796040352f8d6bb6fcd339d5268d0e', NULL),
('c0d962bf853466307e89ca92ed4147c4', '2023-01-30 19:57:07', 10, '6c9caf9e7ddf0f693ddeedfbef9b0225', 'web', 'checkedin', 'selfshifted', '1bb4a414c34067e751ba5390c6048423', NULL),
('c18950ef40e0ae7e64a9a57eb62273ce', '2023-05-13 14:49:31', 2, '8c173ff94eb34b388b87d52ba4f8cd77', 'android', 'waiting', 'issued', '2d1d2fe5612537e895042157ce42cf39', 'c1YJbJG1TJWcPMoOIM8gXg:APA91bFgTD3gAhTTgCyEN35YIwB3nERsTxYYv2ZFvHUdEA894IxX-UI6n5mkc7g6oiODHU2cKE5Za4mC_UPi_kkO-jy3SjPdiGHZWRa8pkFz7WLtkG9UQVzWbod0dmktnPWXHPbZ4LuR'),
('c2659096dc3de6d14c23271d9ffebedd', '2023-04-30 08:26:15', 1, '2e057d4b1f9dda8b492d84d80c7fa3d5', 'android', 'checkedin', 'issued', 'a079e4c4064996ae1228347c54fa95f5', 'c1YJbJG1TJWcPMoOIM8gXg:APA91bFgTD3gAhTTgCyEN35YIwB3nERsTxYYv2ZFvHUdEA894IxX-UI6n5mkc7g6oiODHU2cKE5Za4mC_UPi_kkO-jy3SjPdiGHZWRa8pkFz7WLtkG9UQVzWbod0dmktnPWXHPbZ4LuR'),
('c29414d4e469b377afb3bf0c69aba574', '2023-04-23 05:13:35', 3, '0f8d997426a31cb02206c727046822c0', 'android', 'checkedin', 'issued', 'c47d4af7c322d1ac067770c1ae1bb12c', 'c1YJbJG1TJWcPMoOIM8gXg:APA91bFgTD3gAhTTgCyEN35YIwB3nERsTxYYv2ZFvHUdEA894IxX-UI6n5mkc7g6oiODHU2cKE5Za4mC_UPi_kkO-jy3SjPdiGHZWRa8pkFz7WLtkG9UQVzWbod0dmktnPWXHPbZ4LuR'),
('c32dca5768b94f3dc312b1c57fea5d13', '2023-03-26 08:33:07', 1, '0f8d997426a31cb02206c727046822c0', 'android', 'next', 'issued', '2d1d2fe5612537e895042157ce42cf39', NULL),
('c3ab1bde893facacada41f442563e78d', '2023-05-13 15:31:20', 5, 'c5864fe5997e062a86de8738aaffa32d', 'android', 'checkedin', 'issued', 'dfa9072972a96119459915864bcdc2a2', 'c1YJbJG1TJWcPMoOIM8gXg:APA91bFgTD3gAhTTgCyEN35YIwB3nERsTxYYv2ZFvHUdEA894IxX-UI6n5mkc7g6oiODHU2cKE5Za4mC_UPi_kkO-jy3SjPdiGHZWRa8pkFz7WLtkG9UQVzWbod0dmktnPWXHPbZ4LuR'),
('c3b6fdce5962eb42bdd14356c6e7b891', '2023-03-22 16:55:37', 1, '0f8d997426a31cb02206c727046822c0', 'android', 'checkedin', 'issued', '51796040352f8d6bb6fcd339d5268d0e', NULL),
('c3e7d091875d3577da5c3de57a7d8777', '2023-03-16 18:01:59', 1, '0f8d997426a31cb02206c727046822c0', 'android', 'waiting', 'issued', '51796040352f8d6bb6fcd339d5268d0e', NULL),
('c4e2aeb27ed61bb93e5e6ebf74ae8046', '2023-03-05 09:42:33', 6, 'da342d15c1fe7235b3521766966b3c82', 'android', 'checkedin', 'issued', 'b6aa9e947020ac2cf87d3bc7014e7ca2', NULL),
('c6b141bf86daf5b1f5a318f8ea8bd833', '2023-03-26 18:33:20', 2, '0f8d997426a31cb02206c727046822c0', 'android', 'waiting', 'issued', 'dfd0dddd16ac5251f1dcda6ac84e3d9a', NULL),
('c8851f57842916e703dc9a800930736f', '2023-04-30 08:17:21', 1, '025ca3368c924c13576010e25433293c', 'android', 'checkedin', 'issued', 'dfa9072972a96119459915864bcdc2a2', 'c1YJbJG1TJWcPMoOIM8gXg:APA91bFgTD3gAhTTgCyEN35YIwB3nERsTxYYv2ZFvHUdEA894IxX-UI6n5mkc7g6oiODHU2cKE5Za4mC_UPi_kkO-jy3SjPdiGHZWRa8pkFz7WLtkG9UQVzWbod0dmktnPWXHPbZ4LuR'),
('c9a4bad2d1da0dce5024d7b58f89fe79', '2023-04-23 09:32:38', 2, '2e057d4b1f9dda8b492d84d80c7fa3d5', 'android', 'checkedin', 'issued', 'dc3665ec2df86043b6145122c4442161', 'c1YJbJG1TJWcPMoOIM8gXg:APA91bFgTD3gAhTTgCyEN35YIwB3nERsTxYYv2ZFvHUdEA894IxX-UI6n5mkc7g6oiODHU2cKE5Za4mC_UPi_kkO-jy3SjPdiGHZWRa8pkFz7WLtkG9UQVzWbod0dmktnPWXHPbZ4LuR'),
('ca139f293eb9d97af891e771893acf3a', '2023-04-30 08:17:26', 2, '2e057d4b1f9dda8b492d84d80c7fa3d5', 'android', 'checkedin', 'issued', 'dfa9072972a96119459915864bcdc2a2', 'c1YJbJG1TJWcPMoOIM8gXg:APA91bFgTD3gAhTTgCyEN35YIwB3nERsTxYYv2ZFvHUdEA894IxX-UI6n5mkc7g6oiODHU2cKE5Za4mC_UPi_kkO-jy3SjPdiGHZWRa8pkFz7WLtkG9UQVzWbod0dmktnPWXHPbZ4LuR'),
('cad27e9ac4892e0264a8cb13c7842040', '2023-05-13 08:48:51', 2, '025ca3368c924c13576010e25433293c', 'android', 'checkedin', 'issued', 'b6aa9e947020ac2cf87d3bc7014e7ca2', 'c1YJbJG1TJWcPMoOIM8gXg:APA91bFgTD3gAhTTgCyEN35YIwB3nERsTxYYv2ZFvHUdEA894IxX-UI6n5mkc7g6oiODHU2cKE5Za4mC_UPi_kkO-jy3SjPdiGHZWRa8pkFz7WLtkG9UQVzWbod0dmktnPWXHPbZ4LuR'),
('cc7cd9b9aa5f86002eac84cd2ce674d1', '2023-01-30 19:56:44', 2, '8c173ff94eb34b388b87d52ba4f8cd77', 'web', 'checkedin', 'issued', '1bb4a414c34067e751ba5390c6048423', NULL),
('ccbe0c4a501db1c85fa336e05cfe42a0', '2023-03-19 11:29:01', 3, '2e057d4b1f9dda8b492d84d80c7fa3d5', 'android', 'waiting', 'selfshifted', 'c47d4af7c322d1ac067770c1ae1bb12c', NULL),
('ccc7724a41371857f505befc2d41d5de', '2023-03-08 19:15:21', 11, 'f055068706b1c9a3db655f23bf8a110f', 'web', 'checkedin', 'issued', '1bb4a414c34067e751ba5390c6048423', NULL),
('cd386077655d35c990725557888be329', '2023-04-02 05:36:37', 2, '0f8d997426a31cb02206c727046822c0', 'android', 'waiting', 'selfshifted', 'c47d4af7c322d1ac067770c1ae1bb12c', NULL),
('cd5f85231055cf2855e01fca9597c164', '2023-05-12 08:34:36', 1, '0f8d997426a31cb02206c727046822c0', 'android', 'waiting', 'issued', 'b6aa9e947020ac2cf87d3bc7014e7ca2', 'c1YJbJG1TJWcPMoOIM8gXg:APA91bFgTD3gAhTTgCyEN35YIwB3nERsTxYYv2ZFvHUdEA894IxX-UI6n5mkc7g6oiODHU2cKE5Za4mC_UPi_kkO-jy3SjPdiGHZWRa8pkFz7WLtkG9UQVzWbod0dmktnPWXHPbZ4LuR'),
('cdd83adb9777f6145d5d5631bf16f1e1', '2023-03-16 12:13:56', 3, '2e057d4b1f9dda8b492d84d80c7fa3d5', 'android', 'waiting', 'issued', 'a079e4c4064996ae1228347c54fa95f5', NULL),
('cde8e9ad915cdae88f96448a074f3304', '2023-03-04 18:36:47', 3, '2e057d4b1f9dda8b492d84d80c7fa3d5', 'web', 'waiting', 'issued', '1bb4a414c34067e751ba5390c6048423', NULL),
('ce1933d158dbf712de098e92aa543c3a', '2023-05-10 05:20:24', 1, '0f8d997426a31cb02206c727046822c0', 'android', 'waiting', 'issued', 'dc3665ec2df86043b6145122c4442161', 'c1YJbJG1TJWcPMoOIM8gXg:APA91bFgTD3gAhTTgCyEN35YIwB3nERsTxYYv2ZFvHUdEA894IxX-UI6n5mkc7g6oiODHU2cKE5Za4mC_UPi_kkO-jy3SjPdiGHZWRa8pkFz7WLtkG9UQVzWbod0dmktnPWXHPbZ4LuR'),
('cfab150489be25319794111d1c74ad89', '2023-05-17 14:53:18', 1, '6c9caf9e7ddf0f693ddeedfbef9b0225', 'android', 'waiting', 'issued', 'a079e4c4064996ae1228347c54fa95f5', 'c1YJbJG1TJWcPMoOIM8gXg:APA91bFgTD3gAhTTgCyEN35YIwB3nERsTxYYv2ZFvHUdEA894IxX-UI6n5mkc7g6oiODHU2cKE5Za4mC_UPi_kkO-jy3SjPdiGHZWRa8pkFz7WLtkG9UQVzWbod0dmktnPWXHPbZ4LuR'),
('d01c6838e2435daf07ccdced9e6f624a', '2023-03-05 09:42:48', 4, 'c6525e3f8694e092d12ec0f2fa660112', 'web', 'waiting', 'issued', '1bb4a414c34067e751ba5390c6048423', NULL),
('d11af3afcd880707f3e5391e7b357bbb', '2023-04-02 10:24:24', 4, '9b404d96b54d2c9e765cae166239b1f5', 'android', 'waiting', 'selfshifted', 'c47d4af7c322d1ac067770c1ae1bb12c', NULL),
('d16c16d60d786b9be3f304b580988185', '2023-04-01 13:50:01', 3, '0f8d997426a31cb02206c727046822c0', 'android', 'waiting', 'selfshifted', 'a079e4c4064996ae1228347c54fa95f5', NULL),
('d21b009663aaf55a5c5091272f5c7881', '2023-03-10 18:30:24', 2, '8c173ff94eb34b388b87d52ba4f8cd77', 'web', 'checkedin', 'issued', '4862f7dda23d3f7c31bb3fe5c236c0c3', NULL),
('d25827aee7f4aabf2f72048b8ad47b7c', '2023-04-17 17:50:51', 3, '2e057d4b1f9dda8b492d84d80c7fa3d5', 'android', 'waiting', 'issued', 'a079e4c4064996ae1228347c54fa95f5', 'c1YJbJG1TJWcPMoOIM8gXg:APA91bFgTD3gAhTTgCyEN35YIwB3nERsTxYYv2ZFvHUdEA894IxX-UI6n5mkc7g6oiODHU2cKE5Za4mC_UPi_kkO-jy3SjPdiGHZWRa8pkFz7WLtkG9UQVzWbod0dmktnPWXHPbZ4LuR'),
('d26f68147aa103d949bf5de3c84bd15a', '2023-03-18 11:30:55', 1, '6c9caf9e7ddf0f693ddeedfbef9b0225', 'android', 'waiting', 'issued', 'a079e4c4064996ae1228347c54fa95f5', NULL),
('d276d04529fac58ece74dbbf30ae8bf6', '2023-05-12 14:21:26', 6, 'da342d15c1fe7235b3521766966b3c82', 'android', 'next', 'selfshifted', 'c47d4af7c322d1ac067770c1ae1bb12c', 'c1YJbJG1TJWcPMoOIM8gXg:APA91bFgTD3gAhTTgCyEN35YIwB3nERsTxYYv2ZFvHUdEA894IxX-UI6n5mkc7g6oiODHU2cKE5Za4mC_UPi_kkO-jy3SjPdiGHZWRa8pkFz7WLtkG9UQVzWbod0dmktnPWXHPbZ4LuR'),
('d286fa5addbd60b6b739bd334858af51', '2023-02-28 14:26:38', 1, 'f090d07b9fd03d6b0004ffbc29f0b7c9', 'android', 'waiting', 'issued', '51796040352f8d6bb6fcd339d5268d0e', NULL),
('d32467c5ffddb2624cea79510aa76650', '2023-03-26 08:34:19', 3, '025ca3368c924c13576010e25433293c', 'android', 'next', 'issued', '2d1d2fe5612537e895042157ce42cf39', NULL),
('d36b93a8435c14e963995f2b137b7061', '2023-05-13 14:49:19', 1, '6c9caf9e7ddf0f693ddeedfbef9b0225', 'android', 'checkedin', 'issued', '2d1d2fe5612537e895042157ce42cf39', 'c1YJbJG1TJWcPMoOIM8gXg:APA91bFgTD3gAhTTgCyEN35YIwB3nERsTxYYv2ZFvHUdEA894IxX-UI6n5mkc7g6oiODHU2cKE5Za4mC_UPi_kkO-jy3SjPdiGHZWRa8pkFz7WLtkG9UQVzWbod0dmktnPWXHPbZ4LuR'),
('d41caf1c4a9f6bbbf38b09b38f3d94a6', '2023-03-17 06:06:11', 3, '025ca3368c924c13576010e25433293c', 'android', 'waiting', 'issued', 'b6aa9e947020ac2cf87d3bc7014e7ca2', NULL),
('d44ecb7cf148915477a27ec073b5aa25', '2023-03-01 15:10:19', 1, '2e057d4b1f9dda8b492d84d80c7fa3d5', 'android', 'waiting', 'issued', 'dfd0dddd16ac5251f1dcda6ac84e3d9a', NULL),
('d4721726e31fd5e23b12e13345272e2e', '2023-05-17 17:29:44', 2, '2e057d4b1f9dda8b492d84d80c7fa3d5', 'android', 'waiting', 'issued', 'a079e4c4064996ae1228347c54fa95f5', 'c1YJbJG1TJWcPMoOIM8gXg:APA91bFgTD3gAhTTgCyEN35YIwB3nERsTxYYv2ZFvHUdEA894IxX-UI6n5mkc7g6oiODHU2cKE5Za4mC_UPi_kkO-jy3SjPdiGHZWRa8pkFz7WLtkG9UQVzWbod0dmktnPWXHPbZ4LuR'),
('d5cf4fccbe51e113bb36f31f00bacf15', '2023-03-25 15:56:44', 4, '0f8d997426a31cb02206c727046822c0', 'android', 'checkedin', 'selfshifted', '51796040352f8d6bb6fcd339d5268d0e', NULL),
('d649c36b0186e253443b84ed2412e476', '2023-03-19 05:32:11', 1, '0f8d997426a31cb02206c727046822c0', 'android', 'checkedin', 'issued', 'b6aa9e947020ac2cf87d3bc7014e7ca2', NULL),
('d8f69ca711ae7498319f19e456e2f26e', '2023-03-25 17:09:34', 3, 'd1d8fdee764df276091ff2c1cd34c1d7', 'android', 'checkedin', 'issued', 'c47d4af7c322d1ac067770c1ae1bb12c', NULL),
('da2d00e6578d0a1d59d12b03fa271a90', '2023-04-16 20:17:15', 1, '0f8d997426a31cb02206c727046822c0', 'android', 'waiting', 'issued', 'c1c8b7cd302adc78393bdadda425f25e', 'c1YJbJG1TJWcPMoOIM8gXg:APA91bFgTD3gAhTTgCyEN35YIwB3nERsTxYYv2ZFvHUdEA894IxX-UI6n5mkc7g6oiODHU2cKE5Za4mC_UPi_kkO-jy3SjPdiGHZWRa8pkFz7WLtkG9UQVzWbod0dmktnPWXHPbZ4LuR'),
('db5cd2331d4f8b66b9f434b9d18bf9ad', '2023-05-13 18:14:48', 2, '0f8d997426a31cb02206c727046822c0', 'android', 'waiting', 'selfshifted', 'a079e4c4064996ae1228347c54fa95f5', 'c1YJbJG1TJWcPMoOIM8gXg:APA91bFgTD3gAhTTgCyEN35YIwB3nERsTxYYv2ZFvHUdEA894IxX-UI6n5mkc7g6oiODHU2cKE5Za4mC_UPi_kkO-jy3SjPdiGHZWRa8pkFz7WLtkG9UQVzWbod0dmktnPWXHPbZ4LuR'),
('dbd12a44e79133696ce5b2d67ea8f061', '2023-03-31 04:28:02', 1, '0f8d997426a31cb02206c727046822c0', 'android', 'checkedin', 'issued', 'c47d4af7c322d1ac067770c1ae1bb12c', NULL),
('dc0ef559546ec11d1211ed6c9a13913c', '2023-05-17 18:37:29', 1, '9b404d96b54d2c9e765cae166239b1f5', 'android', 'waiting', 'issued', 'b6aa9e947020ac2cf87d3bc7014e7ca2', 'c1YJbJG1TJWcPMoOIM8gXg:APA91bFgTD3gAhTTgCyEN35YIwB3nERsTxYYv2ZFvHUdEA894IxX-UI6n5mkc7g6oiODHU2cKE5Za4mC_UPi_kkO-jy3SjPdiGHZWRa8pkFz7WLtkG9UQVzWbod0dmktnPWXHPbZ4LuR'),
('dca25e8f189396cb8a12363258c106dc', '2023-02-23 16:59:23', 8, 'da342d15c1fe7235b3521766966b3c82', 'web', 'checkedin', 'issued', 'b6aa9e947020ac2cf87d3bc7014e7ca2', NULL),
('dcbe3484c97effa6d046263ce41391cb', '2023-04-23 05:33:18', 1, '025ca3368c924c13576010e25433293c', 'android', 'checkedin', 'issued', 'dfd0dddd16ac5251f1dcda6ac84e3d9a', 'c1YJbJG1TJWcPMoOIM8gXg:APA91bFgTD3gAhTTgCyEN35YIwB3nERsTxYYv2ZFvHUdEA894IxX-UI6n5mkc7g6oiODHU2cKE5Za4mC_UPi_kkO-jy3SjPdiGHZWRa8pkFz7WLtkG9UQVzWbod0dmktnPWXHPbZ4LuR'),
('dd9ffb9e3349549835b7e9dc2edac617', '2023-04-30 08:26:20', 2, '025ca3368c924c13576010e25433293c', 'android', 'checkedin', 'issued', 'a079e4c4064996ae1228347c54fa95f5', 'c1YJbJG1TJWcPMoOIM8gXg:APA91bFgTD3gAhTTgCyEN35YIwB3nERsTxYYv2ZFvHUdEA894IxX-UI6n5mkc7g6oiODHU2cKE5Za4mC_UPi_kkO-jy3SjPdiGHZWRa8pkFz7WLtkG9UQVzWbod0dmktnPWXHPbZ4LuR'),
('de4ea3da621dcbfd346a10b468e0a1f6', '2023-04-01 13:58:01', 3, '3033123d04e2210c9cedbf02aeb225bc', 'android', 'waiting', 'issued', 'a079e4c4064996ae1228347c54fa95f5', NULL),
('dea2ae8cbd6589c52de3be02d5b4fc93', '2023-02-28 14:27:05', 1, '2e057d4b1f9dda8b492d84d80c7fa3d5', 'android', 'waiting', 'issued', '51796040352f8d6bb6fcd339d5268d0e', NULL),
('e008653c6b1c2d63b85724b0e4631be8', '2023-01-31 20:08:30', 8, 'da342d15c1fe7235b3521766966b3c82', 'web', 'checkedin', 'issued', '1bb4a414c34067e751ba5390c6048423', NULL),
('e03ed23301f300d48e56eafd66bd07fc', '2023-04-30 07:24:02', 2, '2e057d4b1f9dda8b492d84d80c7fa3d5', 'android', 'checkedin', 'issued', 'c47d4af7c322d1ac067770c1ae1bb12c', 'c1YJbJG1TJWcPMoOIM8gXg:APA91bFgTD3gAhTTgCyEN35YIwB3nERsTxYYv2ZFvHUdEA894IxX-UI6n5mkc7g6oiODHU2cKE5Za4mC_UPi_kkO-jy3SjPdiGHZWRa8pkFz7WLtkG9UQVzWbod0dmktnPWXHPbZ4LuR'),
('e0faa6f9ffd935457a3b8024fb6fa672', '2023-05-13 15:29:27', 4, 'qid:cd5f85231055cf2855e01fca9597c164', 'android', 'next', 'issued', 'dfa9072972a96119459915864bcdc2a2', 'c1YJbJG1TJWcPMoOIM8gXg:APA91bFgTD3gAhTTgCyEN35YIwB3nERsTxYYv2ZFvHUdEA894IxX-UI6n5mkc7g6oiODHU2cKE5Za4mC_UPi_kkO-jy3SjPdiGHZWRa8pkFz7WLtkG9UQVzWbod0dmktnPWXHPbZ4LuR'),
('e13a923af03408241c3ff6e93793dac2', '2023-04-17 04:23:13', 2, '0f8d997426a31cb02206c727046822c0', 'android', 'waiting', 'selfshifted', 'a079e4c4064996ae1228347c54fa95f5', 'c1YJbJG1TJWcPMoOIM8gXg:APA91bFgTD3gAhTTgCyEN35YIwB3nERsTxYYv2ZFvHUdEA894IxX-UI6n5mkc7g6oiODHU2cKE5Za4mC_UPi_kkO-jy3SjPdiGHZWRa8pkFz7WLtkG9UQVzWbod0dmktnPWXHPbZ4LuR'),
('e2232a49fbfcb400fc77a2df759d67e9', '2023-03-16 12:11:52', 1, '0f8d997426a31cb02206c727046822c0', 'android', 'checkedin', 'issued', 'c47d4af7c322d1ac067770c1ae1bb12c', NULL),
('e3675083bc833270341d35162a4496e6', '2023-04-21 04:59:09', 7, '0f8d997426a31cb02206c727046822c0', 'android', 'waiting', 'issued', 'c47d4af7c322d1ac067770c1ae1bb12c', 'c1YJbJG1TJWcPMoOIM8gXg:APA91bFgTD3gAhTTgCyEN35YIwB3nERsTxYYv2ZFvHUdEA894IxX-UI6n5mkc7g6oiODHU2cKE5Za4mC_UPi_kkO-jy3SjPdiGHZWRa8pkFz7WLtkG9UQVzWbod0dmktnPWXHPbZ4LuR'),
('e3c6227cb0ae5cd3f14648ca1c1f2c79', '2023-03-16 12:13:29', 2, '025ca3368c924c13576010e25433293c', 'android', 'waiting', 'issued', 'c47d4af7c322d1ac067770c1ae1bb12c', NULL),
('e3d7691aa31c477ea91f2d1f52eac2cd', '2023-04-06 05:11:23', 3, 'd1d8fdee764df276091ff2c1cd34c1d7', 'android', 'checkedin', 'issued', 'dfa9072972a96119459915864bcdc2a2', 'cz5kDI74TLGvKe4FEoHEU5:APA91bH7BVaAjkQBMvOkuu4ShW6yBdKHj8BRmWALUT-grrhsMDCM-O9bwkWkYCN69cBnZ4Sr-Zm1sskiBqj8bLtWIAoioWY4-tpc_nTgbyscl1GxI75dMxgAAHHTuyUNGUtJFmuaKVBD'),
('e4b2db560929777a8f2eaa978a65ab85', '2023-05-12 14:21:15', 3, 'da342d15c1fe7235b3521766966b3c82', 'android', 'waiting', 'selfshifted', 'b6aa9e947020ac2cf87d3bc7014e7ca2', 'c1YJbJG1TJWcPMoOIM8gXg:APA91bFgTD3gAhTTgCyEN35YIwB3nERsTxYYv2ZFvHUdEA894IxX-UI6n5mkc7g6oiODHU2cKE5Za4mC_UPi_kkO-jy3SjPdiGHZWRa8pkFz7WLtkG9UQVzWbod0dmktnPWXHPbZ4LuR'),
('e4d240d4113d25e5cfc46268ad5e7d8f', '2023-04-01 12:12:54', 2, '6c9caf9e7ddf0f693ddeedfbef9b0225', 'android', 'waiting', 'issued', 'a079e4c4064996ae1228347c54fa95f5', NULL),
('e5fdf3a1006a693423ad700cc309f6e6', '2023-04-06 05:02:28', 5, '8c173ff94eb34b388b87d52ba4f8cd77', 'android', 'checkedin', 'issued', 'b6aa9e947020ac2cf87d3bc7014e7ca2', 'cz5kDI74TLGvKe4FEoHEU5:APA91bH7BVaAjkQBMvOkuu4ShW6yBdKHj8BRmWALUT-grrhsMDCM-O9bwkWkYCN69cBnZ4Sr-Zm1sskiBqj8bLtWIAoioWY4-tpc_nTgbyscl1GxI75dMxgAAHHTuyUNGUtJFmuaKVBD'),
('e64d723bfc8fe657801aa3c7b28d8b16', '2023-05-12 14:17:45', 3, '025ca3368c924c13576010e25433293c', 'android', 'checkedin', 'issued', 'c47d4af7c322d1ac067770c1ae1bb12c', 'c1YJbJG1TJWcPMoOIM8gXg:APA91bFgTD3gAhTTgCyEN35YIwB3nERsTxYYv2ZFvHUdEA894IxX-UI6n5mkc7g6oiODHU2cKE5Za4mC_UPi_kkO-jy3SjPdiGHZWRa8pkFz7WLtkG9UQVzWbod0dmktnPWXHPbZ4LuR'),
('e6591d3d219d02d82e1c041e1c6c3c7b', '2023-04-05 17:40:02', 3, '8c173ff94eb34b388b87d52ba4f8cd77', 'android', 'next', 'issued', 'b6aa9e947020ac2cf87d3bc7014e7ca2', 'cz5kDI74TLGvKe4FEoHEU5:APA91bH7BVaAjkQBMvOkuu4ShW6yBdKHj8BRmWALUT-grrhsMDCM-O9bwkWkYCN69cBnZ4Sr-Zm1sskiBqj8bLtWIAoioWY4-tpc_nTgbyscl1GxI75dMxgAAHHTuyUNGUtJFmuaKVBD'),
('e70c7d437f48b6fc37d84ac74bc8d688', '2023-04-30 07:55:26', 1, '0f8d997426a31cb02206c727046822c0', 'android', 'checkedin', 'issued', 'b6aa9e947020ac2cf87d3bc7014e7ca2', 'c1YJbJG1TJWcPMoOIM8gXg:APA91bFgTD3gAhTTgCyEN35YIwB3nERsTxYYv2ZFvHUdEA894IxX-UI6n5mkc7g6oiODHU2cKE5Za4mC_UPi_kkO-jy3SjPdiGHZWRa8pkFz7WLtkG9UQVzWbod0dmktnPWXHPbZ4LuR'),
('e918b11bf1ab2da24c1a23aa607e6271', '2023-03-21 17:18:04', 3, '025ca3368c924c13576010e25433293c', 'android', 'waiting', 'issued', 'a079e4c4064996ae1228347c54fa95f5', NULL),
('e931c7b687cf12e080c7035a1848240a', '2023-05-14 14:41:56', 7, 'qid:cd5f85231055cf2855e01fca9597c164', 'android', 'waiting', 'selfshifted', 'c47d4af7c322d1ac067770c1ae1bb12c', 'c1YJbJG1TJWcPMoOIM8gXg:APA91bFgTD3gAhTTgCyEN35YIwB3nERsTxYYv2ZFvHUdEA894IxX-UI6n5mkc7g6oiODHU2cKE5Za4mC_UPi_kkO-jy3SjPdiGHZWRa8pkFz7WLtkG9UQVzWbod0dmktnPWXHPbZ4LuR'),
('e941e442c16dffc802a930d446e5fb0f', '2023-03-17 07:04:58', 1, '0f8d997426a31cb02206c727046822c0', 'android', 'waiting', 'issued', 'c47d4af7c322d1ac067770c1ae1bb12c', NULL),
('e98424c057e6b2157d3dc38128b857ca', '2023-03-25 16:47:24', 1, '6c9caf9e7ddf0f693ddeedfbef9b0225', 'android', 'checkedin', 'issued', 'b6aa9e947020ac2cf87d3bc7014e7ca2', NULL),
('e98c82d9c34ab8c6deb87fdc368bfefd', '2023-05-13 14:50:04', 3, 'd1d8fdee764df276091ff2c1cd34c1d7', 'android', 'waiting', 'issued', '2d1d2fe5612537e895042157ce42cf39', 'c1YJbJG1TJWcPMoOIM8gXg:APA91bFgTD3gAhTTgCyEN35YIwB3nERsTxYYv2ZFvHUdEA894IxX-UI6n5mkc7g6oiODHU2cKE5Za4mC_UPi_kkO-jy3SjPdiGHZWRa8pkFz7WLtkG9UQVzWbod0dmktnPWXHPbZ4LuR'),
('ea1ec169598d4e60f028312e4f536985', '2023-03-21 17:17:26', 6, '025ca3368c924c13576010e25433293c', 'android', 'waiting', 'selfshifted', 'c1c8b7cd302adc78393bdadda425f25e', NULL),
('eae45bc28dd4cf12202917c11b09c88d', '2023-05-04 13:14:33', 3, '0f8d997426a31cb02206c727046822c0', 'android', 'next', 'selfshifted', 'b6aa9e947020ac2cf87d3bc7014e7ca2', 'c1YJbJG1TJWcPMoOIM8gXg:APA91bFgTD3gAhTTgCyEN35YIwB3nERsTxYYv2ZFvHUdEA894IxX-UI6n5mkc7g6oiODHU2cKE5Za4mC_UPi_kkO-jy3SjPdiGHZWRa8pkFz7WLtkG9UQVzWbod0dmktnPWXHPbZ4LuR'),
('eb3285096f83058372f561f68eec310c', '2023-02-23 16:59:23', 6, '025ca3368c924c13576010e25433293c', 'web', 'checkedin', 'issued', 'b6aa9e947020ac2cf87d3bc7014e7ca2', NULL),
('eb6cc57e5cddf9bd1371dd8cac167729', '2023-02-23 16:59:23', 4, 'f055068706b1c9a3db655f23bf8a110f', 'web', 'checkedin', 'issued', 'b6aa9e947020ac2cf87d3bc7014e7ca2', NULL),
('ed77bfbcc1387c02873c7ee85eaac9af', '2023-03-19 05:34:18', 5, '025ca3368c924c13576010e25433293c', 'android', 'waiting', 'issued', 'b6aa9e947020ac2cf87d3bc7014e7ca2', NULL),
('ee46f140b1a166a76d32e81eb00ac85b', '2023-03-06 17:16:53', 1, 'f055068706b1c9a3db655f23bf8a110f', 'web', 'waiting', 'issued', '1bb4a414c34067e751ba5390c6048423', NULL),
('f0210ceb5b4f70667327c205c0e5883d', '2023-04-05 13:23:01', 1, '8c173ff94eb34b388b87d52ba4f8cd77', 'android', 'checkedin', 'issued', 'dc3665ec2df86043b6145122c4442161', 'cz5kDI74TLGvKe4FEoHEU5:APA91bH7BVaAjkQBMvOkuu4ShW6yBdKHj8BRmWALUT-grrhsMDCM-O9bwkWkYCN69cBnZ4Sr-Zm1sskiBqj8bLtWIAoioWY4-tpc_nTgbyscl1GxI75dMxgAAHHTuyUNGUtJFmuaKVBD'),
('f1e86c98bc50229f0044396fd1afcbd6', '2023-04-06 05:11:23', 4, '8c173ff94eb34b388b87d52ba4f8cd77', 'android', 'waiting', 'issued', 'dfa9072972a96119459915864bcdc2a2', 'cz5kDI74TLGvKe4FEoHEU5:APA91bH7BVaAjkQBMvOkuu4ShW6yBdKHj8BRmWALUT-grrhsMDCM-O9bwkWkYCN69cBnZ4Sr-Zm1sskiBqj8bLtWIAoioWY4-tpc_nTgbyscl1GxI75dMxgAAHHTuyUNGUtJFmuaKVBD'),
('f2bb1632eb4f7c8b18103031f089a096', '2023-05-13 09:24:28', 1, '0f8d997426a31cb02206c727046822c0', 'android', 'checkedin', 'issued', 'c47d4af7c322d1ac067770c1ae1bb12c', 'c1YJbJG1TJWcPMoOIM8gXg:APA91bFgTD3gAhTTgCyEN35YIwB3nERsTxYYv2ZFvHUdEA894IxX-UI6n5mkc7g6oiODHU2cKE5Za4mC_UPi_kkO-jy3SjPdiGHZWRa8pkFz7WLtkG9UQVzWbod0dmktnPWXHPbZ4LuR'),
('f34e7f207a77db8f2803eb4e61c6492e', '2023-05-13 14:55:10', 2, 'd1d8fdee764df276091ff2c1cd34c1d7', 'android', 'checkedin', 'issued', '51796040352f8d6bb6fcd339d5268d0e', 'c1YJbJG1TJWcPMoOIM8gXg:APA91bFgTD3gAhTTgCyEN35YIwB3nERsTxYYv2ZFvHUdEA894IxX-UI6n5mkc7g6oiODHU2cKE5Za4mC_UPi_kkO-jy3SjPdiGHZWRa8pkFz7WLtkG9UQVzWbod0dmktnPWXHPbZ4LuR'),
('f3b5c09dcf52a01efc275f0f87d26707', '2023-04-23 11:05:37', 1, '0f8d997426a31cb02206c727046822c0', 'android', 'waiting', 'issued', 'a079e4c4064996ae1228347c54fa95f5', 'c1YJbJG1TJWcPMoOIM8gXg:APA91bFgTD3gAhTTgCyEN35YIwB3nERsTxYYv2ZFvHUdEA894IxX-UI6n5mkc7g6oiODHU2cKE5Za4mC_UPi_kkO-jy3SjPdiGHZWRa8pkFz7WLtkG9UQVzWbod0dmktnPWXHPbZ4LuR'),
('f411c5257df0523ab80bac54a043af94', '2023-03-04 18:36:48', 5, '8c173ff94eb34b388b87d52ba4f8cd77', 'web', 'waiting', 'issued', '1bb4a414c34067e751ba5390c6048423', NULL),
('f60a36cb8aca972dab2f6db63e44b4c6', '2023-03-18 05:06:28', 1, '0f8d997426a31cb02206c727046822c0', 'android', 'next', 'issued', 'c47d4af7c322d1ac067770c1ae1bb12c', NULL),
('f63e9be6cce185ad63c6a0ea68aabe29', '2023-02-28 15:02:10', 1, '2e057d4b1f9dda8b492d84d80c7fa3d5', 'android', 'waiting', 'issued', 'dfd0dddd16ac5251f1dcda6ac84e3d9a', NULL),
('fa0de81da3644144ef3265e334fa7a35', '2023-04-04 10:37:37', 4, 'd1d8fdee764df276091ff2c1cd34c1d7', 'android', 'next', 'issued', 'b6aa9e947020ac2cf87d3bc7014e7ca2', NULL),
('fa1ef5400796bd0485756a63793862fd', '2023-03-25 17:09:30', 2, 'f055068706b1c9a3db655f23bf8a110f', 'android', 'checkedin', 'issued', 'c47d4af7c322d1ac067770c1ae1bb12c', NULL),
('fa6c40127b0caed4dd43ae99b0cbc751', '2023-04-05 05:41:26', 5, '6c9caf9e7ddf0f693ddeedfbef9b0225', 'android', 'waiting', 'issued', 'c47d4af7c322d1ac067770c1ae1bb12c', 'cz5kDI74TLGvKe4FEoHEU5:APA91bH7BVaAjkQBMvOkuu4ShW6yBdKHj8BRmWALUT-grrhsMDCM-O9bwkWkYCN69cBnZ4Sr-Zm1sskiBqj8bLtWIAoioWY4-tpc_nTgbyscl1GxI75dMxgAAHHTuyUNGUtJFmuaKVBD'),
('fabbc027baa39470f74caff820234236', '2023-04-05 05:40:47', 1, '8c173ff94eb34b388b87d52ba4f8cd77', 'android', 'checkedin', 'issued', 'c47d4af7c322d1ac067770c1ae1bb12c', NULL),
('fb5cf84bafe750d6c373a176c2d13e32', '2023-04-23 09:43:20', 1, 'da342d15c1fe7235b3521766966b3c82', 'android', 'waiting', 'issued', 'dfd0dddd16ac5251f1dcda6ac84e3d9a', 'c1YJbJG1TJWcPMoOIM8gXg:APA91bFgTD3gAhTTgCyEN35YIwB3nERsTxYYv2ZFvHUdEA894IxX-UI6n5mkc7g6oiODHU2cKE5Za4mC_UPi_kkO-jy3SjPdiGHZWRa8pkFz7WLtkG9UQVzWbod0dmktnPWXHPbZ4LuR'),
('fbceb2f16c45a516766a8e63f36884ac', '2023-03-06 17:16:54', 4, 'c6525e3f8694e092d12ec0f2fa660112', 'web', 'waiting', 'issued', '1bb4a414c34067e751ba5390c6048423', NULL),
('fbe207c93e8cf256904a03f670240278', '2023-03-22 18:35:46', 3, '025ca3368c924c13576010e25433293c', 'android', 'next', 'issued', 'dfa9072972a96119459915864bcdc2a2', NULL);
INSERT INTO `queue` (`qid`, `issue_time`, `number`, `token`, `channel`, `state`, `status`, `sid`, `ftoken`) VALUES
('fbf0605779759139a7a34e18840cc4dc', '2023-03-04 18:40:04', 5, '8c173ff94eb34b388b87d52ba4f8cd77', 'web', 'waiting', 'issued', 'b6aa9e947020ac2cf87d3bc7014e7ca2', NULL),
('fc60f88bd7e4116cf80c8dd43cb690a8', '2023-03-04 18:40:04', 1, 'd1d8fdee764df276091ff2c1cd34c1d7', 'web', 'waiting', 'issued', 'b6aa9e947020ac2cf87d3bc7014e7ca2', NULL),
('fc6115b04c3104597526c5a370d3e544', '2023-05-18 12:49:00', 5, '2e057d4b1f9dda8b492d84d80c7fa3d5', 'android', 'waiting', 'issued', 'b6aa9e947020ac2cf87d3bc7014e7ca2', 'c1YJbJG1TJWcPMoOIM8gXg:APA91bFgTD3gAhTTgCyEN35YIwB3nERsTxYYv2ZFvHUdEA894IxX-UI6n5mkc7g6oiODHU2cKE5Za4mC_UPi_kkO-jy3SjPdiGHZWRa8pkFz7WLtkG9UQVzWbod0dmktnPWXHPbZ4LuR'),
('fc632ad90401e77e4da9ba678b3bdb0d', '2023-03-22 18:35:31', 2, '2e057d4b1f9dda8b492d84d80c7fa3d5', 'android', 'next', 'issued', 'dfa9072972a96119459915864bcdc2a2', NULL),
('fcbb8c82d38a53c12f058cbb78e75c50', '2023-04-16 20:15:06', 2, '0f8d997426a31cb02206c727046822c0', 'android', 'waiting', 'selfshifted', 'b6aa9e947020ac2cf87d3bc7014e7ca2', 'c1YJbJG1TJWcPMoOIM8gXg:APA91bFgTD3gAhTTgCyEN35YIwB3nERsTxYYv2ZFvHUdEA894IxX-UI6n5mkc7g6oiODHU2cKE5Za4mC_UPi_kkO-jy3SjPdiGHZWRa8pkFz7WLtkG9UQVzWbod0dmktnPWXHPbZ4LuR'),
('fdfa027856da9d8aa945cb0999518cea', '2023-04-30 08:28:45', 2, '2e057d4b1f9dda8b492d84d80c7fa3d5', 'android', 'checkedin', 'issued', 'dc3665ec2df86043b6145122c4442161', 'c1YJbJG1TJWcPMoOIM8gXg:APA91bFgTD3gAhTTgCyEN35YIwB3nERsTxYYv2ZFvHUdEA894IxX-UI6n5mkc7g6oiODHU2cKE5Za4mC_UPi_kkO-jy3SjPdiGHZWRa8pkFz7WLtkG9UQVzWbod0dmktnPWXHPbZ4LuR'),
('fefa700541834a8b68922e283c95058a', '2023-03-10 18:30:24', 1, '6c9caf9e7ddf0f693ddeedfbef9b0225', 'web', 'checkedin', 'issued', '4862f7dda23d3f7c31bb3fe5c236c0c3', NULL),
('ff73b883fed7ac9a0781f36a5d8edaea', '2023-03-16 07:50:26', 1, '2e057d4b1f9dda8b492d84d80c7fa3d5', 'android', 'checkedin', 'issued', 'c47d4af7c322d1ac067770c1ae1bb12c', NULL),
('ffa42d9e79e9032742a9fb53dffe02a7', '2023-03-24 14:50:39', 6, '2e057d4b1f9dda8b492d84d80c7fa3d5', 'android', 'waiting', 'selfshifted', '51796040352f8d6bb6fcd339d5268d0e', NULL);

-- --------------------------------------------------------

--
-- Table structure for table `service`
--

CREATE TABLE `service` (
  `sid` varchar(255) NOT NULL,
  `name` varchar(255) NOT NULL,
  `coordinator` varchar(255) NOT NULL,
  `cid` varchar(255) DEFAULT NULL,
  `description` varchar(1000) DEFAULT NULL,
  `detail` varchar(1200) DEFAULT NULL
) ENGINE=InnoDB DEFAULT CHARSET=utf8 COLLATE=utf8_general_ci;

--
-- Dumping data for table `service`
--

INSERT INTO `service` (`sid`, `name`, `coordinator`, `cid`, `description`, `detail`) VALUES
('0d3b86e354ea9cd3df80043f43611a1a', 'Update Passport', 'f055068706b1c9a3db655f23bf8a110f', 'df474079d46befecc20f6671ac97951f', '    \n  \n  \n     \n   26  \n  0915998916  \n    9889  ', '    <br/>\r\n  <br/>\r\n  <br/>\r\n     <br/>\r\n   26  <br/>\r\n     <a href=\\\"tel:0915998916\\\">0915998916</a>  '),
('1bb4a414c34067e751ba5390c6048423', ' 1', '0f8d997426a31cb02206c727046822c0', '9799eb6b6ca26da4dea6be1620e8a5dc', NULL, '    <br/>\r\n  <br/>\r\n  <br/>\r\n     <br/>\r\n   26  <br/>\r\n     <a href=\\\"tel:0915998916\\\">0915998916</a>  '),
('2d1d2fe5612537e895042157ce42cf39', ' ', '0f8d997426a31cb02206c727046822c0', '9799eb6b6ca26da4dea6be1620e8a5dc', NULL, '    <br/>\r\n  <br/>\r\n  <br/>\r\n     <br/>\r\n   26  <br/>\r\n     <a href=\\\"tel:0915998916\\\">0915998916</a>  '),
('31c80189aae9f0949c6a96af5b334490', 'Lost Passport', 'f055068706b1c9a3db655f23bf8a110f', 'df474079d46befecc20f6671ac97951f', '', '    <br/>\r\n  <br/>\r\n  <br/>\r\n     <br/>\r\n   26  <br/>\r\n     <a href=\\\"tel:0915998916\\\">0915998916</a>  '),
('4862f7dda23d3f7c31bb3fe5c236c0c3', '???? ', '0f8d997426a31cb02206c727046822c0', '380bcd771ee470eb7d06d6b05d2c090d', NULL, '    <br/>\r\n  <br/>\r\n  <br/>\r\n     <br/>\r\n   26  <br/>\r\n     <a href=\\\"tel:0915998916\\\">0915998916</a>  '),
('51796040352f8d6bb6fcd339d5268d0e', '??? ?????', '0f8d997426a31cb02206c727046822c0', '380bcd771ee470eb7d06d6b05d2c090d', NULL, '    <br/>\r\n  <br/>\r\n  <br/>\r\n     <br/>\r\n   26  <br/>\r\n     <a href=\\\"tel:0915998916\\\">0915998916</a>  '),
('a079e4c4064996ae1228347c54fa95f5', '?? ?? ??', '0f8d997426a31cb02206c727046822c0', '9799eb6b6ca26da4dea6be1620e8a5dc', NULL, '    <br/>\r\n  <br/>\r\n  <br/>\r\n     <br/>\r\n   26  <br/>\r\n     <a href=\\\"tel:0915998916\\\">0915998916</a>  '),
('b6aa9e947020ac2cf87d3bc7014e7ca2', '  5551', '0f8d997426a31cb02206c727046822c0', '9799eb6b6ca26da4dea6be1620e8a5dc', '    \n  \n  \n     \n   26  \n  0915998916  \n    9889  ', '    <br/>\r\n  <br/>\r\n  <br/>\r\n     <br/>\r\n   26  <br/>\r\n     <a href=\\\"tel:0915998916\\\">0915998916</a>  '),
('c1c8b7cd302adc78393bdadda425f25e', '????', '0f8d997426a31cb02206c727046822c0', '380bcd771ee470eb7d06d6b05d2c090d', NULL, '    <br/>\r\n  <br/>\r\n  <br/>\r\n     <br/>\r\n   26  <br/>\r\n     <a href=\\\"tel:0915998916\\\">0915998916</a>  '),
('c47d4af7c322d1ac067770c1ae1bb12c', 'New ID', '0f8d997426a31cb02206c727046822c0', '9799eb6b6ca26da4dea6be1620e8a5dc', '    \n  \n  \n     \n   26  \n  0915998916  \n    9889  ', '    <br/>\r\n  <br/>\r\n  <br/>\r\n     <br/>\r\n   26  <br/>\r\n     <a href=\\\"tel:0915998916\\\">0915998916</a>  '),
('dc3665ec2df86043b6145122c4442161', '??? ????? ?????? ', '0f8d997426a31cb02206c727046822c0', '9799eb6b6ca26da4dea6be1620e8a5dc', NULL, '    <br/>\r\n  <br/>\r\n  <br/>\r\n     <br/>\r\n   26  <br/>\r\n     <a href=\\\"tel:0915998916\\\">0915998916</a>  '),
('dfa9072972a96119459915864bcdc2a2', '????? ???? ', '0f8d997426a31cb02206c727046822c0', '9799eb6b6ca26da4dea6be1620e8a5dc', NULL, '    <br/>\r\n  <br/>\r\n  <br/>\r\n     <br/>\r\n   26  <br/>\r\n     <a href=\\\"tel:0915998916\\\">0915998916</a>  '),
('dfd0dddd16ac5251f1dcda6ac84e3d9a', 'New Passport', 'f055068706b1c9a3db655f23bf8a110f', 'df474079d46befecc20f6671ac97951f', NULL, '    <br/>\r\n  <br/>\r\n  <br/>\r\n     <br/>\r\n   26  <br/>\r\n     <a href=\\\"tel:0915998916\\\">0915998916</a>  ');

-- --------------------------------------------------------

--
-- Table structure for table `settings`
--

CREATE TABLE `settings` (
  `name` varchar(255) NOT NULL,
  `attribute` varchar(255) NOT NULL,
  `value` varchar(255) DEFAULT NULL
) ENGINE=InnoDB DEFAULT CHARSET=utf8 COLLATE=utf8_general_ci;

-- --------------------------------------------------------

--
-- Table structure for table `users`
--

CREATE TABLE `users` (
  `uid` varchar(255) NOT NULL,
  `fname` varchar(255) DEFAULT NULL,
  `lname` varchar(255) DEFAULT NULL,
  `phone` int(11) NOT NULL,
  `pin` int(11) DEFAULT NULL,
  `role` varchar(255) DEFAULT 'user',
  `token` varchar(255) NOT NULL
) ENGINE=InnoDB DEFAULT CHARSET=utf8 COLLATE=utf8_general_ci;

--
-- Dumping data for table `users`
--

INSERT INTO `users` (`uid`, `fname`, `lname`, `phone`, `pin`, `role`, `token`) VALUES
('025ca3368c924c13576010e25433293c', 'rrre', 'das', 2323, 0, 'user', '025ca3368c924c13576010e25433293c'),
('07ae048b6f60aa2b0019a6d3d6778d3f', 'Eshewh', 'endalew', 96543010, 124, 'user', '07ae048b6f60aa2b0019a6d3d6778d3f'),
('0f8d997426a31cb02206c727046822c0', 'teklu', 'tadessew', 936799030, 9, 'coordinator', '0f8d997426a31cb02206c727046822c0'),
('14164a0f62adf063678251625b85074c', 'E4554', 'lname', 9853614, 9848, 'user', '14164a0f62adf063678251625b85074c'),
('2e057d4b1f9dda8b492d84d80c7fa3d5', 'Eshetie', 'Endale', 915998916, 0, 'user', '2e057d4b1f9dda8b492d84d80c7fa3d5'),
('3033123d04e2210c9cedbf02aeb225bc', 'Eshe', 'Endale', 916885622, 0, 'user', '3033123d04e2210c9cedbf02aeb225bc'),
('3e2e5faefb9f0a82911379c40b47770e', 'gf', 'g', 94587544, 0, 'user', '3e2e5faefb9f0a82911379c40b47770e'),
('3fc8e4dd0719bd01312e0f0b5b71f337', 'Eshe', '55e', 9784512, 9848, 'user', '3fc8e4dd0719bd01312e0f0b5b71f337'),
('41229ae4bf5ffa8ff323c7916ca57d00', 'pew', 'pp', 966778899, 0, 'user', '41229ae4bf5ffa8ff323c7916ca57d00'),
('4531579ee1bc5274a6556d407fe620a7', 'Eshe', 'endale', 9654321, 124, 'user', '4531579ee1bc5274a6556d407fe620a7'),
('52ae3c6a0b61cc06643d3fe2cd8ad381', 'test', 'test ', 2424, 123, 'Admin', '52ae3c6a0b61cc06643d3fe2cd8ad381'),
('55c5e1915300a3b89b0c23f5c70dc1e8', 'testab', '', 913863086, 0, 'user', '55c5e1915300a3b89b0c23f5c70dc1e8'),
('57b48fdd7780213389fed584045de300', 'abenezer', 'manaye', 911223344, 0, 'user', '57b48fdd7780213389fed584045de300'),
('5ebbf3ac61b03409c82067b27c40bdf1', 'Eshe', 'lname', 9253614, 9848, 'user', '5ebbf3ac61b03409c82067b27c40bdf1'),
('640ca0c0e6beb473d096b5fca96a4fe1', 'Eshe Endale', 'Eshe Endale', 9654321, 124, 'user', '640ca0c0e6beb473d096b5fca96a4fe1'),
('6c9caf9e7ddf0f693ddeedfbef9b0225', 'Someone', 'Endale', 2147483647, 0, 'user', '6c9caf9e7ddf0f693ddeedfbef9b0225'),
('84bb90c216abaaba5259210ffd91e5e3', 'Eshe', '55e', 9253614, 9848, 'user', '84bb90c216abaaba5259210ffd91e5e3'),
('8c173ff94eb34b388b87d52ba4f8cd77', 'Someone', 'Endale', 91412454, 0, 'user', '8c173ff94eb34b388b87d52ba4f8cd77'),
('9b404d96b54d2c9e765cae166239b1f5', 'bro2', 'last', 918181818, 0, 'user', '9b404d96b54d2c9e765cae166239b1f5'),
('a9a7deb943432b692b96119af706ee2c', 'fam', 'ily', 915998919, 455, 'user', 'a9a7deb943432b692b96119af706ee2c'),
('b0d9cdf95988989b817a61332a6a93f7', 'Eshe Endale', 'Eshe Endale', 918181818, 0, 'user', 'b0d9cdf95988989b817a61332a6a93f7'),
('b52011c151e0deccc990b9e1716cdb86', 'E4554', 'lname', 9253614, 9848, 'user', 'b52011c151e0deccc990b9e1716cdb86'),
('ba0f83f7bbd0adda0c43ea9a7750194a', 'hggg', 'ggg', 94628555, 0, 'user', 'ba0f83f7bbd0adda0c43ea9a7750194a'),
('c4374ab1abb80b28d1f519a20fc7e626', 'test', 'test ', 2525, 0, 'user', 'c4374ab1abb80b28d1f519a20fc7e626'),
('c5864fe5997e062a86de8738aaffa32d', 'eshe', 'endale', 913863085, 0, 'user', 'c5864fe5997e062a86de8738aaffa32d'),
('c6525e3f8694e092d12ec0f2fa660112', 'Someone', 'Endale', 985316502, 0, 'user', 'c6525e3f8694e092d12ec0f2fa660112'),
('d1d8fdee764df276091ff2c1cd34c1d7', 'fsdf', 'sada', 3424, 0, 'user', 'd1d8fdee764df276091ff2c1cd34c1d7'),
('d748aaf72543ac98033a3b404fafb0ad', 'Eshe', 'Endale', 913863086, 0, 'user', 'd748aaf72543ac98033a3b404fafb0ad'),
('d87739c29c794ce52e39db78055346e5', 'E4554', 'lname', 9853314, 9848, 'user', 'd87739c29c794ce52e39db78055346e5'),
('da342d15c1fe7235b3521766966b3c82', 'Someone', 'Endale', 978787878, 0, 'user', 'da342d15c1fe7235b3521766966b3c82'),
('dc573b47b9572d5f158da162701f1223', 'Eshe', '55e', 96546321, 9848, 'user', 'dc573b47b9572d5f158da162701f1223'),
('e565a8c6c4f225889866a721a165f49d', 'E4554', 'lname', 9253614, 9848, 'user', 'e565a8c6c4f225889866a721a165f49d'),
('ee14317ea5b0032be87c6568eefc671c', 'Eshe', 'Endale', 913863085, 0, 'user', 'ee14317ea5b0032be87c6568eefc671c'),
('f055068706b1c9a3db655f23bf8a110f', 'Eshetie', 'Endale', 913863085, 0, 'user', 'f055068706b1c9a3db655f23bf8a110f'),
('f4e8a1e23750e12f989536bce3963cf5', 'Eshe', 'endale', 96546321, 124, 'user', 'f4e8a1e23750e12f989536bce3963cf5'),
('f78a144d14e7b0d0a585b810c33ae82a', 'Eshewh', 'endalew', 965430102, 124, 'user', 'f78a144d14e7b0d0a585b810c33ae82a');

--
-- Indexes for dumped tables
--

--
-- Indexes for table `admin`
--
ALTER TABLE `admin`
  ADD PRIMARY KEY (`id`);

--
-- Indexes for table `company`
--
ALTER TABLE `company`
  ADD PRIMARY KEY (`cid`),
  ADD KEY `uid` (`uid`);

--
-- Indexes for table `on_service`
--
ALTER TABLE `on_service`
  ADD PRIMARY KEY (`osid`);

--
-- Indexes for table `qsession`
--
ALTER TABLE `qsession`
  ADD PRIMARY KEY (`qsid`);

--
-- Indexes for table `queue`
--
ALTER TABLE `queue`
  ADD PRIMARY KEY (`qid`),
  ADD KEY `sid` (`sid`);

--
-- Indexes for table `service`
--
ALTER TABLE `service`
  ADD PRIMARY KEY (`sid`),
  ADD KEY `cid` (`cid`),
  ADD KEY `coordinator` (`coordinator`);

--
-- Indexes for table `users`
--
ALTER TABLE `users`
  ADD PRIMARY KEY (`uid`);

--
-- AUTO_INCREMENT for dumped tables
--

--
-- AUTO_INCREMENT for table `admin`
--
ALTER TABLE `admin`
  MODIFY `id` int(11) NOT NULL AUTO_INCREMENT, AUTO_INCREMENT=2;

--
-- Constraints for dumped tables
--

--
-- Constraints for table `company`
--
ALTER TABLE `company`
  ADD CONSTRAINT `company_ibfk_1` FOREIGN KEY (`uid`) REFERENCES `users` (`uid`);

--
-- Constraints for table `queue`
--
ALTER TABLE `queue`
  ADD CONSTRAINT `queue_ibfk_1` FOREIGN KEY (`sid`) REFERENCES `service` (`sid`);

--
-- Constraints for table `service`
--
ALTER TABLE `service`
  ADD CONSTRAINT `service_ibfk_1` FOREIGN KEY (`cid`) REFERENCES `company` (`cid`),
  ADD CONSTRAINT `service_ibfk_2` FOREIGN KEY (`coordinator`) REFERENCES `users` (`uid`);
COMMIT;

/*!40101 SET CHARACTER_SET_CLIENT=@OLD_CHARACTER_SET_CLIENT */;
/*!40101 SET CHARACTER_SET_RESULTS=@OLD_CHARACTER_SET_RESULTS */;
/*!40101 SET COLLATION_CONNECTION=@OLD_COLLATION_CONNECTION */;
